"","cat_pais","ncat_eleccion","ncat_ronda","mediaqualitycorruptvdem","source_mediaqualitycorruptvdem","mediaqualityconftvwvs","source_mediaqualityconftvwvs","mediaqualitybiasnelda","source_mediaqualitybiasnelda","mediaqualityfreedombti","source_mediaqualityfreedombti","mediaqualitybiasvdem","mediaqualityperspectivesvdem","source_mediaqualitybiasvdem","source_mediaqualityperspectivesvdem"
"1","El Salvador",2024,1,2.02,"Proyectado. Último valor disponible base Qof vdem_mecorrpt",2.5460367,"Proyectado. Último valor disponible base Qof wvs_conftv",0,"Proyectado. Último valor disponible base Qof nelda_mbbe",7,"Proyectado. Último valor disponible base Qof bti_foe",NA,NA,"VDEM v. 14","VDEM v. 14"
"2","Argentina",2023,2,2.952,"Proyectado. Último valor disponible base Qof vdem_mecorrpt",2.1381154,"Proyectado. Último valor disponible base Qof wvs_conftv",0,"Proyectado. Último valor disponible base Qof nelda_mbbe",9,"Proyectado. Último valor disponible base Qof bti_foe",2.443,1.505,"VDEM v. 14","VDEM v. 14"
"3","Argentina",2023,1,2.952,"Proyectado. Último valor disponible base Qof vdem_mecorrpt",2.1381154,"Proyectado. Último valor disponible base Qof wvs_conftv",0,"Proyectado. Último valor disponible base Qof nelda_mbbe",9,"Proyectado. Último valor disponible base Qof bti_foe",2.443,1.505,"VDEM v. 14","VDEM v. 14"
"4","Ecuador",2023,2,2.402,"Proyectado. Último valor disponible base Qof vdem_mecorrpt",2.2991598,"Proyectado. Último valor disponible base Qof wvs_conftv",0,"Proyectado. Último valor disponible base Qof nelda_mbbe",7,"Proyectado. Último valor disponible base Qof bti_foe",1.283,0.644,"VDEM v. 14","VDEM v. 14"
"5","Ecuador",2023,1,2.402,"Proyectado. Último valor disponible base Qof vdem_mecorrpt",2.2991598,"Proyectado. Último valor disponible base Qof wvs_conftv",0,"Proyectado. Último valor disponible base Qof nelda_mbbe",7,"Proyectado. Último valor disponible base Qof bti_foe",1.283,0.644,"VDEM v. 14","VDEM v. 14"
"6","Guatemala",2023,2,2.822,"Proyectado. Último valor disponible base Qof vdem_mecorrpt",2.0374289,"Proyectado. Último valor disponible base Qof wvs_conftv",1,"Proyectado. Último valor disponible base Qof nelda_mbbe",5,"Proyectado. Último valor disponible base Qof bti_foe",1.056,1.187,"VDEM v. 14","VDEM v. 14"
"7","Guatemala",2023,1,2.822,"Proyectado. Último valor disponible base Qof vdem_mecorrpt",2.0374289,"Proyectado. Último valor disponible base Qof wvs_conftv",1,"Proyectado. Último valor disponible base Qof nelda_mbbe",5,"Proyectado. Último valor disponible base Qof bti_foe",1.056,1.187,"VDEM v. 14","VDEM v. 14"
"8","Paraguay",2023,1,1.871,"Proyectado. Último valor disponible base Qof vdem_mecorrpt",NA,NA,0,"Proyectado. Último valor disponible base Qof nelda_mbbe",6,"Proyectado. Último valor disponible base Qof bti_foe",1.158,0.614,"VDEM v. 14","VDEM v. 14"
"9","Brasil",2022,2,2.713,"Base Qof vdem_mecorrpt",2.0356181,"Proyectado. Último valor disponible base Qof wvs_conftv",0,"Proyectado. Último valor disponible base Qof nelda_mbbe",6,"Proyectado. Último valor disponible base Qof bti_foe",0.964,1.141,"VDEM v. 14","VDEM v. 14"
"10","Brasil",2022,1,2.713,"Base Qof vdem_mecorrpt",2.0356181,"Proyectado. Último valor disponible base Qof wvs_conftv",0,"Proyectado. Último valor disponible base Qof nelda_mbbe",6,"Proyectado. Último valor disponible base Qof bti_foe",0.964,1.141,"VDEM v. 14","VDEM v. 14"
"11","Colombia",2022,2,3.016,"Base Qof vdem_mecorrpt",2.0401316,"Proyectado. Último valor disponible base Qof wvs_conftv",3,"Proyectado. Último valor disponible base Qof nelda_mbbe",7,"Proyectado. Último valor disponible base Qof bti_foe",1.381,1.615,"VDEM v. 14","VDEM v. 14"
"12","Colombia",2022,1,3.016,"Base Qof vdem_mecorrpt",2.0401316,"Proyectado. Último valor disponible base Qof wvs_conftv",3,"Proyectado. Último valor disponible base Qof nelda_mbbe",7,"Proyectado. Último valor disponible base Qof bti_foe",1.381,1.615,"VDEM v. 14","VDEM v. 14"
"13","Costa Rica",2022,2,3.561,"Base Qof vdem_mecorrpt",NA,NA,0,"Proyectado. Último valor disponible base Qof nelda_mbbe",10,"Proyectado. Último valor disponible base Qof bti_foe",2.274,2.243,"VDEM v. 14","VDEM v. 14"
"14","Costa Rica",2022,1,3.561,"Base Qof vdem_mecorrpt",NA,NA,0,"Proyectado. Último valor disponible base Qof nelda_mbbe",10,"Proyectado. Último valor disponible base Qof bti_foe",2.274,2.243,"VDEM v. 14","VDEM v. 14"
"15","Chile",2021,2,3.718,"Base Qof vdem_mecorrpt",2.5692894,"Proyectado. Último valor disponible base Qof wvs_conftv",0,"Proyectado. Último valor disponible base Qof nelda_mbbe",10,"Base Qof bti_foe",1.253,1.773,"VDEM v. 14","VDEM v. 14"
"16","Chile",2021,1,3.718,"Base Qof vdem_mecorrpt",2.5692894,"Proyectado. Último valor disponible base Qof wvs_conftv",0,"Proyectado. Último valor disponible base Qof nelda_mbbe",10,"Base Qof bti_foe",1.253,1.773,"VDEM v. 14","VDEM v. 14"
"17","Ecuador",2021,2,2.848,"Base Qof vdem_mecorrpt",2.2991598,"Proyectado. Último valor disponible base Qof wvs_conftv",0,"Proyectado. Último valor disponible base Qof nelda_mbbe",7,"Base Qof bti_foe",0.646,0.608,"VDEM v. 14","VDEM v. 14"
"18","Ecuador",2021,1,2.848,"Base Qof vdem_mecorrpt",2.2991598,"Proyectado. Último valor disponible base Qof wvs_conftv",0,"Proyectado. Último valor disponible base Qof nelda_mbbe",7,"Base Qof bti_foe",0.646,0.608,"VDEM v. 14","VDEM v. 14"
"19","Honduras",2021,1,1.835,"Base Qof vdem_mecorrpt",NA,NA,1,"Proyectado. Último valor disponible base Qof nelda_mbbe",4,"Base Qof bti_foe",0.847,0.537,"VDEM v. 14","VDEM v. 14"
"20","Peru",2021,2,3.25,"Base Qof vdem_mecorrpt",2.011569,"Proyectado. Último valor disponible base Qof wvs_conftv",0,"Proyectado. Último valor disponible base Qof nelda_mbbe",8,"Base Qof bti_foe",1.027,1.09,"VDEM v. 14","VDEM v. 14"
"21","Peru",2021,1,3.25,"Base Qof vdem_mecorrpt",2.011569,"Proyectado. Último valor disponible base Qof wvs_conftv",0,"Proyectado. Último valor disponible base Qof nelda_mbbe",8,"Base Qof bti_foe",1.027,1.09,"VDEM v. 14","VDEM v. 14"
"22","Bolivia",2020,1,3.156,"Base Qof vdem_mecorrpt",2.1829746,"Proyectado. Último valor disponible base Qof wvs_conftv",0,"Base Qof nelda_mbbe",7,"Proyectado. Último valor disponible base Qof bti_foe",0.678,0.534,"VDEM v. 14","VDEM v. 14"
"23","Republica Dominicana",2020,1,2.642,"Base Qof vdem_mecorrpt",2.3944724,"Proyectado. Último valor disponible base Qof wvs_conftv",0,"Base Qof nelda_mbbe",7,"Proyectado. Último valor disponible base Qof bti_foe",2.271,2.257,"VDEM v. 14","VDEM v. 14"
"24","Argentina",2019,1,3.059,"Base Qof vdem_mecorrpt",2.1381154,"Proyectado. Último valor disponible base Qof wvs_conftv",0,"Base Qof nelda_mbbe",9,"Base Qof bti_foe",1.657,1.675,"VDEM v. 14","VDEM v. 14"
"25","Bolivia",2019,1,2.759,"Base Qof vdem_mecorrpt",2.1829746,"Proyectado. Último valor disponible base Qof wvs_conftv",1,"Base Qof nelda_mbbe",7,"Base Qof bti_foe",0.721,0.862,"VDEM v. 14","VDEM v. 14"
"26","El Salvador",2019,1,2.853,"Base Qof vdem_mecorrpt",2.5460367,"Proyectado. Último valor disponible base Qof wvs_conftv",0,"Base Qof nelda_mbbe",8,"Base Qof bti_foe",0.428,1.09,"VDEM v. 14","VDEM v. 14"
"27","Guatemala",2019,2,2.836,"Base Qof vdem_mecorrpt",2.4801641,"Proyectado. Último valor disponible base Qof wvs_conftv",1,"Base Qof nelda_mbbe",5,"Base Qof bti_foe",1.07,1.015,"VDEM v. 14","VDEM v. 14"
"28","Guatemala",2019,1,2.836,"Base Qof vdem_mecorrpt",2.4801641,"Proyectado. Último valor disponible base Qof wvs_conftv",1,"Base Qof nelda_mbbe",5,"Base Qof bti_foe",1.07,1.015,"VDEM v. 14","VDEM v. 14"
"29","Panama",2019,1,2.908,"Base Qof vdem_mecorrpt",NA,NA,0,"Base Qof nelda_mbbe",7,"Base Qof bti_foe",0.934,0.805,"VDEM v. 14","VDEM v. 14"
"30","Uruguay",2019,2,3.651,"Base Qof vdem_mecorrpt",2.2849846,"Proyectado. Último valor disponible base Qof wvs_conftv",0,"Base Qof nelda_mbbe",10,"Base Qof bti_foe",2.1,2.538,"VDEM v. 14","VDEM v. 14"
"31","Uruguay",2019,1,3.651,"Base Qof vdem_mecorrpt",2.2849846,"Proyectado. Último valor disponible base Qof wvs_conftv",0,"Base Qof nelda_mbbe",10,"Base Qof bti_foe",2.1,2.538,"VDEM v. 14","VDEM v. 14"
"32","Brasil",2018,2,2.929,"Base Qof vdem_mecorrpt",2.0356181,"Base Qof wvs_conftv",0,"Base Qof nelda_mbbe",8,"Proyectado. Último valor disponible base Qof bti_foe",0.714,1.461,"VDEM v. 14","VDEM v. 14"
"33","Brasil",2018,1,2.929,"Base Qof vdem_mecorrpt",2.0356181,"Base Qof wvs_conftv",0,"Base Qof nelda_mbbe",8,"Proyectado. Último valor disponible base Qof bti_foe",0.714,1.461,"VDEM v. 14","VDEM v. 14"
"34","Colombia",2018,2,3.106,"Base Qof vdem_mecorrpt",2.0401316,"Base Qof wvs_conftv",3,"Base Qof nelda_mbbe",7,"Proyectado. Último valor disponible base Qof bti_foe",0.872,1.488,"VDEM v. 14","VDEM v. 14"
"35","Colombia",2018,1,3.106,"Base Qof vdem_mecorrpt",2.0401316,"Base Qof wvs_conftv",3,"Base Qof nelda_mbbe",7,"Proyectado. Último valor disponible base Qof bti_foe",0.872,1.488,"VDEM v. 14","VDEM v. 14"
"36","Costa Rica",2018,2,3.561,"Base Qof vdem_mecorrpt",NA,NA,0,"Base Qof nelda_mbbe",10,"Proyectado. Último valor disponible base Qof bti_foe",2.274,1.564,"VDEM v. 14","VDEM v. 14"
"37","Costa Rica",2018,1,3.561,"Base Qof vdem_mecorrpt",NA,NA,0,"Base Qof nelda_mbbe",10,"Proyectado. Último valor disponible base Qof bti_foe",2.274,1.564,"VDEM v. 14","VDEM v. 14"
"38","Mexico",2018,1,3.06,"Base Qof vdem_mecorrpt",1.9887006,"Base Qof wvs_conftv",0,"Base Qof nelda_mbbe",5,"Proyectado. Último valor disponible base Qof bti_foe",1.91,1.848,"VDEM v. 14","VDEM v. 14"
"39","Paraguay",2018,1,1.871,"Base Qof vdem_mecorrpt",NA,NA,0,"Base Qof nelda_mbbe",6,"Proyectado. Último valor disponible base Qof bti_foe",1.158,0.614,"VDEM v. 14","VDEM v. 14"
"40","Venezuela",2018,1,2.095,"Base Qof vdem_mecorrpt",2.7516668,"Proyectado. Último valor disponible base Qof wvs_conftv",1,"Base Qof nelda_mbbe",4,"Proyectado. Último valor disponible base Qof bti_foe",-0.155,-0.859,"VDEM v. 14","VDEM v. 14"
"41","Chile",2017,2,3.863,"Base Qof vdem_mecorrpt",2.5753286,"Proyectado. Último valor disponible base Qof wvs_conftv",0,"Base Qof nelda_mbbe",10,"Base Qof bti_foe",1.978,2.033,"VDEM v. 14","VDEM v. 14"
"42","Chile",2017,1,3.863,"Base Qof vdem_mecorrpt",2.5753286,"Proyectado. Último valor disponible base Qof wvs_conftv",0,"Base Qof nelda_mbbe",10,"Base Qof bti_foe",1.978,2.033,"VDEM v. 14","VDEM v. 14"
"43","Ecuador",2017,2,2.805,"Base Qof vdem_mecorrpt",2.3921733,"Proyectado. Último valor disponible base Qof wvs_conftv",0,"Base Qof nelda_mbbe",5,"Base Qof bti_foe",0.957,0.806,"VDEM v. 14","VDEM v. 14"
"44","Ecuador",2017,1,2.805,"Base Qof vdem_mecorrpt",2.3921733,"Proyectado. Último valor disponible base Qof wvs_conftv",0,"Base Qof nelda_mbbe",5,"Base Qof bti_foe",0.957,0.806,"VDEM v. 14","VDEM v. 14"
"45","Honduras",2017,1,1.835,"Base Qof vdem_mecorrpt",NA,NA,1,"Base Qof nelda_mbbe",5,"Base Qof bti_foe",0.639,0.586,"VDEM v. 14","VDEM v. 14"
"46","Nicaragua",2016,1,2.886,"Base Qof vdem_mecorrpt",NA,NA,1,"Base Qof nelda_mbbe",7,"Proyectado. Último valor disponible base Qof bti_foe",-0.283,0.463,"VDEM v. 14","VDEM v. 14"
"47","Peru",2016,2,3.294,"Base Qof vdem_mecorrpt",2.1818638,"Proyectado. Último valor disponible base Qof wvs_conftv",0,"Base Qof nelda_mbbe",8,"Proyectado. Último valor disponible base Qof bti_foe",1.67,1.752,"VDEM v. 14","VDEM v. 14"
"48","Peru",2016,1,3.294,"Base Qof vdem_mecorrpt",2.1818638,"Proyectado. Último valor disponible base Qof wvs_conftv",0,"Base Qof nelda_mbbe",8,"Proyectado. Último valor disponible base Qof bti_foe",1.67,1.752,"VDEM v. 14","VDEM v. 14"
"49","Republica Dominicana",2016,1,1.361,"Base Qof vdem_mecorrpt",2.3944724,"Proyectado. Último valor disponible base Qof wvs_conftv",1,"Base Qof nelda_mbbe",8,"Proyectado. Último valor disponible base Qof bti_foe",1.086,1.316,"VDEM v. 14","VDEM v. 14"
"50","Argentina",2015,2,2.837,"Base Qof vdem_mecorrpt",2.2132895,"Proyectado. Último valor disponible base Qof wvs_conftv",0,"Base Qof nelda_mbbe",8,"Base Qof bti_foe",2.241,2.25,"VDEM v. 14","VDEM v. 14"
"51","Argentina",2015,1,2.837,"Base Qof vdem_mecorrpt",2.2132895,"Proyectado. Último valor disponible base Qof wvs_conftv",0,"Base Qof nelda_mbbe",8,"Base Qof bti_foe",2.241,2.25,"VDEM v. 14","VDEM v. 14"
"52","Guatemala",2015,2,2.845,"Base Qof vdem_mecorrpt",2.4801641,"Proyectado. Último valor disponible base Qof wvs_conftv",0,"Base Qof nelda_mbbe",6,"Base Qof bti_foe",0.934,0.869,"VDEM v. 14","VDEM v. 14"
"53","Guatemala",2015,1,2.845,"Base Qof vdem_mecorrpt",2.4801641,"Proyectado. Último valor disponible base Qof wvs_conftv",0,"Base Qof nelda_mbbe",6,"Base Qof bti_foe",0.934,0.869,"VDEM v. 14","VDEM v. 14"
"54","Bolivia",2014,1,2.873,"Base Qof vdem_mecorrpt",NA,NA,0,"Base Qof nelda_mbbe",8,"Proyectado. Último valor disponible base Qof bti_foe",0.896,1.93,"VDEM v. 14","VDEM v. 14"
"55","Brasil",2014,2,3.365,"Base Qof vdem_mecorrpt",2.1656523,"Base Qof wvs_conftv",0,"Base Qof nelda_mbbe",8,"Proyectado. Último valor disponible base Qof bti_foe",1.596,1.861,"VDEM v. 14","VDEM v. 14"
"56","Brasil",2014,1,3.365,"Base Qof vdem_mecorrpt",2.1656523,"Base Qof wvs_conftv",0,"Base Qof nelda_mbbe",8,"Proyectado. Último valor disponible base Qof bti_foe",1.596,1.861,"VDEM v. 14","VDEM v. 14"
"57","Colombia",2014,2,3.306,"Base Qof vdem_mecorrpt",2.2327127,"Proyectado. Último valor disponible base Qof wvs_conftv",0,"Base Qof nelda_mbbe",6,"Proyectado. Último valor disponible base Qof bti_foe",1.051,1.408,"VDEM v. 14","VDEM v. 14"
"58","Colombia",2014,1,3.306,"Base Qof vdem_mecorrpt",2.2327127,"Proyectado. Último valor disponible base Qof wvs_conftv",0,"Base Qof nelda_mbbe",6,"Proyectado. Último valor disponible base Qof bti_foe",1.051,1.408,"VDEM v. 14","VDEM v. 14"
"59","Costa Rica",2014,2,3.561,"Base Qof vdem_mecorrpt",NA,NA,0,"Base Qof nelda_mbbe",10,"Proyectado. Último valor disponible base Qof bti_foe",2.274,1.564,"VDEM v. 14","VDEM v. 14"
"60","Costa Rica",2014,1,3.561,"Base Qof vdem_mecorrpt",NA,NA,0,"Base Qof nelda_mbbe",10,"Proyectado. Último valor disponible base Qof bti_foe",2.274,1.564,"VDEM v. 14","VDEM v. 14"
"61","El Salvador",2014,2,2.75,"Base Qof vdem_mecorrpt",2.5460367,"Proyectado. Último valor disponible base Qof wvs_conftv",0,"Base Qof nelda_mbbe",8,"Proyectado. Último valor disponible base Qof bti_foe",0.822,1.617,"VDEM v. 14","VDEM v. 14"
"62","El Salvador",2014,1,2.75,"Base Qof vdem_mecorrpt",2.5460367,"Proyectado. Último valor disponible base Qof wvs_conftv",0,"Base Qof nelda_mbbe",8,"Proyectado. Último valor disponible base Qof bti_foe",0.822,1.617,"VDEM v. 14","VDEM v. 14"
"63","Panama",2014,1,2.908,"Base Qof vdem_mecorrpt",NA,NA,1,"Base Qof nelda_mbbe",7,"Proyectado. Último valor disponible base Qof bti_foe",0.989,0.805,"VDEM v. 14","VDEM v. 14"
"64","Uruguay",2014,2,3.651,"Base Qof vdem_mecorrpt",2.2849846,"Proyectado. Último valor disponible base Qof wvs_conftv",0,"Base Qof nelda_mbbe",10,"Proyectado. Último valor disponible base Qof bti_foe",2.641,2.538,"VDEM v. 14","VDEM v. 14"
"65","Uruguay",2014,1,3.651,"Base Qof vdem_mecorrpt",2.2849846,"Proyectado. Último valor disponible base Qof wvs_conftv",0,"Base Qof nelda_mbbe",10,"Proyectado. Último valor disponible base Qof bti_foe",2.641,2.538,"VDEM v. 14","VDEM v. 14"
"66","Chile",2013,2,3.955,"Base Qof vdem_mecorrpt",2.5753286,"Proyectado. Último valor disponible base Qof wvs_conftv",0,"Base Qof nelda_mbbe",9,"Base Qof bti_foe",2.367,2.033,"VDEM v. 14","VDEM v. 14"
"67","Chile",2013,1,3.955,"Base Qof vdem_mecorrpt",2.5753286,"Proyectado. Último valor disponible base Qof wvs_conftv",0,"Base Qof nelda_mbbe",9,"Base Qof bti_foe",2.367,2.033,"VDEM v. 14","VDEM v. 14"
"68","Ecuador",2013,1,2.777,"Base Qof vdem_mecorrpt",2.3921733,"Base Qof wvs_conftv",0,"Base Qof nelda_mbbe",5,"Base Qof bti_foe",1.295,1.143,"VDEM v. 14","VDEM v. 14"
"69","Honduras",2013,1,1.835,"Base Qof vdem_mecorrpt",NA,NA,3,"Base Qof nelda_mbbe",6,"Base Qof bti_foe",0.531,0.586,"VDEM v. 14","VDEM v. 14"
"70","Paraguay",2013,1,1.871,"Base Qof vdem_mecorrpt",NA,NA,1,"Base Qof nelda_mbbe",6,"Base Qof bti_foe",1.158,0.614,"VDEM v. 14","VDEM v. 14"
"71","Venezuela",2013,1,2.831,"Base Qof vdem_mecorrpt",2.7516668,"Proyectado. Último valor disponible base Qof wvs_conftv",1,"Base Qof nelda_mbbe",4,"Base Qof bti_foe",0.13,0,"VDEM v. 14","VDEM v. 14"
"72","Mexico",2012,1,2.318,"Base Qof vdem_mecorrpt",2.1456456,"Base Qof wvs_conftv",3,"Base Qof nelda_mbbe",6,"Proyectado. Último valor disponible base Qof bti_foe",1.771,1.369,"VDEM v. 14","VDEM v. 14"
"73","Republica Dominicana",2012,1,1.361,"Base Qof vdem_mecorrpt",2.3944724,"Proyectado. Último valor disponible base Qof wvs_conftv",0,"Base Qof nelda_mbbe",8,"Proyectado. Último valor disponible base Qof bti_foe",1.191,1.316,"VDEM v. 14","VDEM v. 14"
"74","Venezuela",2012,1,3.061,"Base Qof vdem_mecorrpt",2.7516668,"Proyectado. Último valor disponible base Qof wvs_conftv",0,"Base Qof nelda_mbbe",4,"Proyectado. Último valor disponible base Qof bti_foe",0.599,0.855,"VDEM v. 14","VDEM v. 14"
"75","Argentina",2011,1,2.875,"Base Qof vdem_mecorrpt",2.1611953,"Proyectado. Último valor disponible base Qof wvs_conftv",0,"Base Qof nelda_mbbe",8,"Base Qof bti_foe",2.557,1.98,"VDEM v. 14","VDEM v. 14"
"76","Guatemala",2011,2,2.688,"Base Qof vdem_mecorrpt",2.4801641,"Proyectado. Último valor disponible base Qof wvs_conftv",0,"Base Qof nelda_mbbe",6,"Base Qof bti_foe",0.934,0.869,"VDEM v. 14","VDEM v. 14"
"77","Guatemala",2011,1,2.688,"Base Qof vdem_mecorrpt",2.4801641,"Proyectado. Último valor disponible base Qof wvs_conftv",0,"Base Qof nelda_mbbe",6,"Base Qof bti_foe",0.934,0.869,"VDEM v. 14","VDEM v. 14"
"78","Nicaragua",2011,1,1.277,"Base Qof vdem_mecorrpt",NA,NA,0,"Base Qof nelda_mbbe",7,"Base Qof bti_foe",0.766,1.675,"VDEM v. 14","VDEM v. 14"
"79","Peru",2011,2,3.549,"Base Qof vdem_mecorrpt",2.0205364,"Proyectado. Último valor disponible base Qof wvs_conftv",0,"Base Qof nelda_mbbe",8,"Base Qof bti_foe",1.686,2.12,"VDEM v. 14","VDEM v. 14"
"80","Peru",2011,1,3.549,"Base Qof vdem_mecorrpt",2.0205364,"Proyectado. Último valor disponible base Qof wvs_conftv",0,"Base Qof nelda_mbbe",8,"Base Qof bti_foe",1.686,2.12,"VDEM v. 14","VDEM v. 14"
"81","Brasil",2010,2,3.281,"Base Qof vdem_mecorrpt",2.2452362,"Proyectado. Último valor disponible base Qof wvs_conftv",0,"Base Qof nelda_mbbe",8,"Proyectado. Último valor disponible base Qof bti_foe",1.936,1.861,"VDEM v. 14","VDEM v. 14"
"82","Brasil",2010,1,3.281,"Base Qof vdem_mecorrpt",2.2452362,"Proyectado. Último valor disponible base Qof wvs_conftv",0,"Base Qof nelda_mbbe",8,"Proyectado. Último valor disponible base Qof bti_foe",1.936,1.861,"VDEM v. 14","VDEM v. 14"
"83","Chile",2010,2,3.905,"Base Qof vdem_mecorrpt",2.4127984,"Proyectado. Último valor disponible base Qof wvs_conftv",0,"Base Qof nelda_mbbe",10,"Proyectado. Último valor disponible base Qof bti_foe",2.194,1.855,"VDEM v. 14","VDEM v. 14"
"84","Colombia",2010,2,3.177,"Base Qof vdem_mecorrpt",2.4103587,"Proyectado. Último valor disponible base Qof wvs_conftv",0,"Base Qof nelda_mbbe",6,"Proyectado. Último valor disponible base Qof bti_foe",1.057,1.333,"VDEM v. 14","VDEM v. 14"
"85","Colombia",2010,1,3.177,"Base Qof vdem_mecorrpt",2.4103587,"Proyectado. Último valor disponible base Qof wvs_conftv",0,"Base Qof nelda_mbbe",6,"Proyectado. Último valor disponible base Qof bti_foe",1.057,1.333,"VDEM v. 14","VDEM v. 14"
"86","Costa Rica",2010,1,3.699,"Base Qof vdem_mecorrpt",NA,NA,0,"Base Qof nelda_mbbe",10,"Proyectado. Último valor disponible base Qof bti_foe",2.274,1.564,"VDEM v. 14","VDEM v. 14"
"87","Bolivia",2009,1,2.938,"Base Qof vdem_mecorrpt",NA,NA,0,"Base Qof nelda_mbbe",7,"Base Qof bti_foe",1.336,2.127,"VDEM v. 14","VDEM v. 14"
"88","Chile",2010,1,3.905,"Base Qof vdem_mecorrpt",2.4127984,"Proyectado. Último valor disponible base Qof wvs_conftv",0,"Base Qof nelda_mbbe",10,"Base Qof bti_foe",1.984,1.607,"VDEM v. 14","VDEM v. 14"
"89","Ecuador",2009,1,2.91,"Base Qof vdem_mecorrpt",NA,NA,1,"Base Qof nelda_mbbe",6,"Base Qof bti_foe",1.674,1.143,"VDEM v. 14","VDEM v. 14"
"90","El Salvador",2009,1,2.75,"Base Qof vdem_mecorrpt",2.5460367,"Proyectado. Último valor disponible base Qof wvs_conftv",0,"Base Qof nelda_mbbe",7,"Base Qof bti_foe",0.822,1.39,"VDEM v. 14","VDEM v. 14"
"91","Honduras",2009,1,1.835,"Base Qof vdem_mecorrpt",NA,NA,1,"Base Qof nelda_mbbe",7,"Base Qof bti_foe",0.925,0.783,"VDEM v. 14","VDEM v. 14"
"92","Panama",2009,1,2.908,"Base Qof vdem_mecorrpt",NA,NA,0,"Base Qof nelda_mbbe",8,"Base Qof bti_foe",1.188,0.805,"VDEM v. 14","VDEM v. 14"
"93","Uruguay",2009,2,3.651,"Base Qof vdem_mecorrpt",2.4198782,"Proyectado. Último valor disponible base Qof wvs_conftv",0,"Base Qof nelda_mbbe",10,"Base Qof bti_foe",2.554,1.989,"VDEM v. 14","VDEM v. 14"
"94","Uruguay",2009,1,3.651,"Base Qof vdem_mecorrpt",2.4198782,"Proyectado. Último valor disponible base Qof wvs_conftv",0,"Base Qof nelda_mbbe",10,"Base Qof bti_foe",2.554,1.989,"VDEM v. 14","VDEM v. 14"
"95","Paraguay",2008,1,1.775,"Base Qof vdem_mecorrpt",NA,NA,0,"Base Qof nelda_mbbe",7,"Proyectado. Último valor disponible base Qof bti_foe",1.445,0.682,"VDEM v. 14","VDEM v. 14"
"96","Republica Dominicana",2008,1,1.44,"Base Qof vdem_mecorrpt",2.3944724,"Proyectado. Último valor disponible base Qof wvs_conftv",0,"Base Qof nelda_mbbe",8,"Proyectado. Último valor disponible base Qof bti_foe",1.487,1.316,"VDEM v. 14","VDEM v. 14"
"97","Argentina",2007,1,2.875,"Base Qof vdem_mecorrpt",2.1611953,"Proyectado. Último valor disponible base Qof wvs_conftv",0,"Base Qof nelda_mbbe",8,"Base Qof bti_foe",2.557,2.223,"VDEM v. 14","VDEM v. 14"
"98","Guatemala",2007,2,2.688,"Base Qof vdem_mecorrpt",2.4801641,"Proyectado. Último valor disponible base Qof wvs_conftv",0,"Base Qof nelda_mbbe",6,"Base Qof bti_foe",0.934,0.869,"VDEM v. 14","VDEM v. 14"
"99","Guatemala",2007,1,2.688,"Base Qof vdem_mecorrpt",2.4801641,"Proyectado. Último valor disponible base Qof wvs_conftv",0,"Base Qof nelda_mbbe",6,"Base Qof bti_foe",0.934,0.869,"VDEM v. 14","VDEM v. 14"
"100","Brasil",2006,2,3.276,"Base Qof vdem_mecorrpt",2.2452362,"Base Qof wvs_conftv",0,"Base Qof nelda_mbbe",8,"Proyectado. Último valor disponible base Qof bti_foe",1.936,1.861,"VDEM v. 14","VDEM v. 14"
"101","Brasil",2006,1,3.276,"Base Qof vdem_mecorrpt",2.2452362,"Base Qof wvs_conftv",0,"Base Qof nelda_mbbe",8,"Proyectado. Último valor disponible base Qof bti_foe",1.936,1.861,"VDEM v. 14","VDEM v. 14"
"102","Chile",2006,2,3.905,"Base Qof vdem_mecorrpt",2.4127984,"Base Qof wvs_conftv",0,"Base Qof nelda_mbbe",10,"Proyectado. Último valor disponible base Qof bti_foe",2.229,1.607,"VDEM v. 14","VDEM v. 14"
"103","Colombia",2006,1,3.177,"Base Qof vdem_mecorrpt",2.4103587,"Proyectado. Último valor disponible base Qof wvs_conftv",0,"Base Qof nelda_mbbe",5,"Proyectado. Último valor disponible base Qof bti_foe",0.851,1.333,"VDEM v. 14","VDEM v. 14"
"104","Costa Rica",2006,1,3.638,"Base Qof vdem_mecorrpt",NA,NA,0,"Base Qof nelda_mbbe",10,"Proyectado. Último valor disponible base Qof bti_foe",2.274,1.398,"VDEM v. 14","VDEM v. 14"
"105","Ecuador",2006,2,2.817,"Base Qof vdem_mecorrpt",NA,NA,0,"Base Qof nelda_mbbe",7,"Proyectado. Último valor disponible base Qof bti_foe",1.526,1.105,"VDEM v. 14","VDEM v. 14"
"106","Ecuador",2006,1,2.817,"Base Qof vdem_mecorrpt",NA,NA,0,"Base Qof nelda_mbbe",7,"Proyectado. Último valor disponible base Qof bti_foe",1.526,1.105,"VDEM v. 14","VDEM v. 14"
"107","Mexico",2006,1,2.298,"Base Qof vdem_mecorrpt",2.4053349,"Proyectado. Último valor disponible base Qof wvs_conftv",0,"Base Qof nelda_mbbe",7,"Proyectado. Último valor disponible base Qof bti_foe",0.923,1.369,"VDEM v. 14","VDEM v. 14"
"108","Nicaragua",2006,1,3.213,"Base Qof vdem_mecorrpt",NA,NA,0,"Base Qof nelda_mbbe",7,"Proyectado. Último valor disponible base Qof bti_foe",1.132,2.04,"VDEM v. 14","VDEM v. 14"
"109","Peru",2006,2,3.549,"Base Qof vdem_mecorrpt",2.0205364,"Base Qof wvs_conftv",0,"Base Qof nelda_mbbe",8,"Proyectado. Último valor disponible base Qof bti_foe",1.769,2.12,"VDEM v. 14","VDEM v. 14"
"110","Peru",2006,1,3.549,"Base Qof vdem_mecorrpt",2.0205364,"Base Qof wvs_conftv",0,"Base Qof nelda_mbbe",8,"Proyectado. Último valor disponible base Qof bti_foe",1.769,2.12,"VDEM v. 14","VDEM v. 14"
"111","Venezuela",2006,1,3.079,"Base Qof vdem_mecorrpt",2.7516668,"Proyectado. Último valor disponible base Qof wvs_conftv",0,"Base Qof nelda_mbbe",5,"Proyectado. Último valor disponible base Qof bti_foe",0.878,0.996,"VDEM v. 14","VDEM v. 14"
"112","Bolivia",2005,1,2.938,"Base Qof vdem_mecorrpt",NA,NA,0,"Base Qof nelda_mbbe",8,"Base Qof bti_foe",1.304,2.343,"VDEM v. 14","VDEM v. 14"
"113","Chile",2006,1,3.905,"Base Qof vdem_mecorrpt",2.5217631,"Proyectado. Último valor disponible base Qof wvs_conftv",0,"Base Qof nelda_mbbe",10,"Base Qof bti_foe",1.987,1.607,"VDEM v. 14","VDEM v. 14"
"114","Honduras",2005,1,1.835,"Base Qof vdem_mecorrpt",NA,NA,0,"Base Qof nelda_mbbe",6,"Base Qof bti_foe",1.328,1.078,"VDEM v. 14","VDEM v. 14"
"115","El Salvador",2004,1,2.75,"Base Qof vdem_mecorrpt",2.5460367,"Proyectado. Último valor disponible base Qof wvs_conftv",0,"Base Qof nelda_mbbe",7,"Proyectado. Último valor disponible base Qof bti_foe",0.385,1.146,"VDEM v. 14","VDEM v. 14"
"116","Panama",2004,1,2.908,"Base Qof vdem_mecorrpt",NA,NA,0,"Base Qof nelda_mbbe",7,"Proyectado. Último valor disponible base Qof bti_foe",1.086,0.805,"VDEM v. 14","VDEM v. 14"
"117","Republica Dominicana",2004,1,1.44,"Base Qof vdem_mecorrpt",2.3944724,"Proyectado. Último valor disponible base Qof wvs_conftv",1,"Base Qof nelda_mbbe",7,"Proyectado. Último valor disponible base Qof bti_foe",1.487,1.316,"VDEM v. 14","VDEM v. 14"
"118","Uruguay",2004,1,3.84,"Base Qof vdem_mecorrpt",2.5494573,"Proyectado. Último valor disponible base Qof wvs_conftv",0,"Base Qof nelda_mbbe",10,"Proyectado. Último valor disponible base Qof bti_foe",1.25,1.989,"VDEM v. 14","VDEM v. 14"
"119","Argentina",2003,1,2.875,"Base Qof vdem_mecorrpt",2.1987233,"Proyectado. Último valor disponible base Qof wvs_conftv",0,"Base Qof nelda_mbbe",NA,NA,2.114,2.223,"VDEM v. 14","VDEM v. 14"
"120","Guatemala",2003,2,2.688,"Base Qof vdem_mecorrpt",2.4801641,"Proyectado. Último valor disponible base Qof wvs_conftv",0,"Base Qof nelda_mbbe",NA,NA,0.934,0.869,"VDEM v. 14","VDEM v. 14"
"121","Guatemala",2003,1,2.688,"Base Qof vdem_mecorrpt",NA,NA,0,"Base Qof nelda_mbbe",NA,NA,0.934,0.869,"VDEM v. 14","VDEM v. 14"
"122","Paraguay",2003,1,1.775,"Base Qof vdem_mecorrpt",NA,NA,0,"Base Qof nelda_mbbe",NA,NA,0.52,0.617,"VDEM v. 14","VDEM v. 14"
"123","Bolivia",2002,1,2.938,"Base Qof vdem_mecorrpt",NA,NA,0,"Base Qof nelda_mbbe",NA,NA,1.061,0.851,"VDEM v. 14","VDEM v. 14"
"124","Brasil",2002,2,3.162,"Base Qof vdem_mecorrpt",2.4736843,"Proyectado. Último valor disponible base Qof wvs_conftv",3,"Base Qof nelda_mbbe",NA,NA,2.274,1.926,"VDEM v. 14","VDEM v. 14"
"125","Brasil",2002,1,3.162,"Base Qof vdem_mecorrpt",2.4736843,"Proyectado. Último valor disponible base Qof wvs_conftv",3,"Base Qof nelda_mbbe",NA,NA,2.274,1.926,"VDEM v. 14","VDEM v. 14"
"126","Colombia",2002,1,2.323,"Base Qof vdem_mecorrpt",2.374958,"Proyectado. Último valor disponible base Qof wvs_conftv",0,"Base Qof nelda_mbbe",NA,NA,1.368,1.333,"VDEM v. 14","VDEM v. 14"
"127","Costa Rica",2002,2,3.638,"Base Qof vdem_mecorrpt",NA,NA,0,"Base Qof nelda_mbbe",NA,NA,2.274,1.398,"VDEM v. 14","VDEM v. 14"
"128","Costa Rica",2002,1,3.638,"Base Qof vdem_mecorrpt",NA,NA,0,"Base Qof nelda_mbbe",NA,NA,2.274,1.398,"VDEM v. 14","VDEM v. 14"
"129","Ecuador",2002,2,2.817,"Base Qof vdem_mecorrpt",NA,NA,0,"Base Qof nelda_mbbe",NA,NA,1.229,1.167,"VDEM v. 14","VDEM v. 14"
"130","Ecuador",2002,1,2.817,"Base Qof vdem_mecorrpt",NA,NA,0,"Base Qof nelda_mbbe",NA,NA,1.229,1.167,"VDEM v. 14","VDEM v. 14"
"131","Honduras",2001,1,1.835,"Base Qof vdem_mecorrpt",NA,NA,3,"Base Qof nelda_mbbe",NA,NA,1.328,1.078,"VDEM v. 14","VDEM v. 14"
"132","Nicaragua",2001,1,2.662,"Base Qof vdem_mecorrpt",NA,NA,0,"Base Qof nelda_mbbe",NA,NA,1.04,2.39,"VDEM v. 14","VDEM v. 14"
"133","Peru",2001,2,3.537,"Base Qof vdem_mecorrpt",2.2079141,"Base Qof wvs_conftv",3,"Base Qof nelda_mbbe",NA,NA,2.21,2.12,"VDEM v. 14","VDEM v. 14"
"134","Peru",2001,1,3.537,"Base Qof vdem_mecorrpt",2.2079141,"Base Qof wvs_conftv",3,"Base Qof nelda_mbbe",NA,NA,2.21,2.12,"VDEM v. 14","VDEM v. 14"
"135","Chile",2000,2,3.905,"Base Qof vdem_mecorrpt",2.5217631,"Base Qof wvs_conftv",0,"Base Qof nelda_mbbe",NA,NA,2.151,1.607,"VDEM v. 14","VDEM v. 14"
"136","Mexico",2000,1,2.298,"Base Qof vdem_mecorrpt",2.4306149,"Base Qof wvs_conftv",0,"Base Qof nelda_mbbe",NA,NA,0.923,0.552,"VDEM v. 14","VDEM v. 14"
"137","Peru",2000,2,2.464,"Base Qof vdem_mecorrpt",2.3408697,"Proyectado. Último valor disponible base Qof wvs_conftv",1,"Base Qof nelda_mbbe",NA,NA,1.426,1.209,"VDEM v. 14","VDEM v. 14"
"138","Peru",2000,1,2.464,"Base Qof vdem_mecorrpt",2.3408697,"Proyectado. Último valor disponible base Qof wvs_conftv",1,"Base Qof nelda_mbbe",NA,NA,1.426,1.209,"VDEM v. 14","VDEM v. 14"
"139","Republica Dominicana",2000,1,1.44,"Base Qof vdem_mecorrpt",2.3944724,"Proyectado. Último valor disponible base Qof wvs_conftv",3,"Base Qof nelda_mbbe",NA,NA,1.487,1.316,"VDEM v. 14","VDEM v. 14"
"140","Venezuela",2000,1,3.103,"Base Qof vdem_mecorrpt",2.7516668,"Base Qof wvs_conftv",0,"Base Qof nelda_mbbe",NA,NA,0.921,1.303,"VDEM v. 14","VDEM v. 14"
"141","Argentina",1999,1,2.008,"Base Qof vdem_mecorrpt",2.1987233,"Base Qof wvs_conftv",0,"Base Qof nelda_mbbe",NA,NA,2.114,2.223,"VDEM v. 14","VDEM v. 14"
"142","Chile",2000,1,3.905,"Base Qof vdem_mecorrpt",2.5454783,"Proyectado. Último valor disponible base Qof wvs_conftv",0,"Base Qof nelda_mbbe",NA,NA,1.724,1.607,"VDEM v. 14","VDEM v. 14"
"143","El Salvador",1999,1,2.75,"Base Qof vdem_mecorrpt",2.5460367,"Base Qof wvs_conftv",1,"Base Qof nelda_mbbe",NA,NA,0.399,-0.129,"VDEM v. 14","VDEM v. 14"
"144","Guatemala",1999,2,2.688,"Base Qof vdem_mecorrpt",NA,NA,0,"Base Qof nelda_mbbe",NA,NA,0.934,0.869,"VDEM v. 14","VDEM v. 14"
"145","Guatemala",1999,1,2.688,"Base Qof vdem_mecorrpt",NA,NA,0,"Base Qof nelda_mbbe",NA,NA,0.934,0.869,"VDEM v. 14","VDEM v. 14"
"146","Panama",1999,1,2.908,"Base Qof vdem_mecorrpt",NA,NA,0,"Base Qof nelda_mbbe",NA,NA,1.086,0.805,"VDEM v. 14","VDEM v. 14"
"147","Uruguay",1999,2,3.582,"Base Qof vdem_mecorrpt",2.5494573,"Proyectado. Último valor disponible base Qof wvs_conftv",0,"Base Qof nelda_mbbe",NA,NA,1.027,1.989,"VDEM v. 14","VDEM v. 14"
"148","Uruguay",1999,1,3.582,"Base Qof vdem_mecorrpt",2.5494573,"Proyectado. Último valor disponible base Qof wvs_conftv",0,"Base Qof nelda_mbbe",NA,NA,1.027,1.989,"VDEM v. 14","VDEM v. 14"
"149","Brasil",1998,1,3.162,"Base Qof vdem_mecorrpt",2.4736843,"Proyectado. Último valor disponible base Qof wvs_conftv",0,"Base Qof nelda_mbbe",NA,NA,1.938,1.926,"VDEM v. 14","VDEM v. 14"
"150","Colombia",1998,2,2.323,"Base Qof vdem_mecorrpt",2.374958,"Base Qof wvs_conftv",0,"Base Qof nelda_mbbe",NA,NA,0.832,1.333,"VDEM v. 14","VDEM v. 14"
"151","Colombia",1998,1,2.323,"Base Qof vdem_mecorrpt",2.374958,"Base Qof wvs_conftv",0,"Base Qof nelda_mbbe",NA,NA,0.832,1.333,"VDEM v. 14","VDEM v. 14"
"152","Costa Rica",1998,1,3.638,"Base Qof vdem_mecorrpt",NA,NA,0,"Base Qof nelda_mbbe",NA,NA,2.779,1.398,"VDEM v. 14","VDEM v. 14"
"153","Ecuador",1998,2,2.817,"Base Qof vdem_mecorrpt",NA,NA,0,"Base Qof nelda_mbbe",NA,NA,1.229,1.167,"VDEM v. 14","VDEM v. 14"
"154","Ecuador",1998,1,2.817,"Base Qof vdem_mecorrpt",NA,NA,0,"Base Qof nelda_mbbe",NA,NA,1.229,1.167,"VDEM v. 14","VDEM v. 14"
"155","Paraguay",1998,1,1.775,"Base Qof vdem_mecorrpt",NA,NA,3,"Base Qof nelda_mbbe",NA,NA,0.13,0.617,"VDEM v. 14","VDEM v. 14"
"156","Venezuela",1998,1,3.56,"Base Qof vdem_mecorrpt",2.5791247,"Proyectado. Último valor disponible base Qof wvs_conftv",0,"Base Qof nelda_mbbe",NA,NA,2.019,1.535,"VDEM v. 14","VDEM v. 14"
"157","Bolivia",1997,1,2.938,"Base Qof vdem_mecorrpt",NA,NA,0,"Base Qof nelda_mbbe",NA,NA,1.061,0.851,"VDEM v. 14","VDEM v. 14"
"158","Honduras",1997,1,1.835,"Base Qof vdem_mecorrpt",NA,NA,3,"Base Qof nelda_mbbe",NA,NA,1.328,1.078,"VDEM v. 14","VDEM v. 14"
"159","Ecuador",1996,2,2.817,"Base Qof vdem_mecorrpt",NA,NA,0,"Base Qof nelda_mbbe",NA,NA,1.229,1.167,"VDEM v. 14","VDEM v. 14"
"160","Ecuador",1996,1,2.817,"Base Qof vdem_mecorrpt",NA,NA,0,"Base Qof nelda_mbbe",NA,NA,1.229,1.167,"VDEM v. 14","VDEM v. 14"
"161","Nicaragua",1996,1,3.249,"Base Qof vdem_mecorrpt",NA,NA,0,"Base Qof nelda_mbbe",NA,NA,1.5,2.39,"VDEM v. 14","VDEM v. 14"
"162","Republica Dominicana",1996,2,1.44,"Base Qof vdem_mecorrpt",2.3944724,"Base Qof wvs_conftv",0,"Base Qof nelda_mbbe",NA,NA,1.037,1.316,"VDEM v. 14","VDEM v. 14"
"163","Republica Dominicana",1996,1,1.44,"Base Qof vdem_mecorrpt",2.3944724,"Base Qof wvs_conftv",0,"Base Qof nelda_mbbe",NA,NA,1.037,1.316,"VDEM v. 14","VDEM v. 14"
"164","Argentina",1995,1,2.008,"Base Qof vdem_mecorrpt",2.0891509,"Base Qof wvs_conftv",0,"Base Qof nelda_mbbe",NA,NA,2.114,2.223,"VDEM v. 14","VDEM v. 14"
"165","Guatemala",1995,2,1.79,"Base Qof vdem_mecorrpt",NA,NA,0,"Base Qof nelda_mbbe",NA,NA,0.225,0.85,"VDEM v. 14","VDEM v. 14"
"166","Guatemala",1995,1,1.79,"Base Qof vdem_mecorrpt",NA,NA,0,"Base Qof nelda_mbbe",NA,NA,0.225,0.85,"VDEM v. 14","VDEM v. 14"
"167","Peru",1995,1,1.351,"Base Qof vdem_mecorrpt",2.3408697,"Proyectado. Último valor disponible base Qof wvs_conftv",3,"Base Qof nelda_mbbe",NA,NA,-1.011,0.531,"VDEM v. 14","VDEM v. 14"
"168","Brasil",1994,1,3.162,"Base Qof vdem_mecorrpt",2.1269906,"Proyectado. Último valor disponible base Qof wvs_conftv",3,"Base Qof nelda_mbbe",NA,NA,1.938,1.926,"VDEM v. 14","VDEM v. 14"
"169","Colombia",1994,2,2.323,"Base Qof vdem_mecorrpt",NA,NA,0,"Base Qof nelda_mbbe",NA,NA,1.331,1.333,"VDEM v. 14","VDEM v. 14"
"170","Colombia",1994,1,2.323,"Base Qof vdem_mecorrpt",NA,NA,0,"Base Qof nelda_mbbe",NA,NA,1.331,1.333,"VDEM v. 14","VDEM v. 14"
"171","Costa Rica",1994,1,3.638,"Base Qof vdem_mecorrpt",NA,NA,0,"Base Qof nelda_mbbe",NA,NA,2.779,1.498,"VDEM v. 14","VDEM v. 14"
"172","El Salvador",1994,2,2.75,"Base Qof vdem_mecorrpt",NA,NA,1,"Base Qof nelda_mbbe",NA,NA,0.075,-0.129,"VDEM v. 14","VDEM v. 14"
"173","El Salvador",1994,1,2.75,"Base Qof vdem_mecorrpt",NA,NA,1,"Base Qof nelda_mbbe",NA,NA,0.075,-0.129,"VDEM v. 14","VDEM v. 14"
"174","Mexico",1994,1,1.606,"Base Qof vdem_mecorrpt",NA,NA,0,"Base Qof nelda_mbbe",NA,NA,0.665,-0.198,"VDEM v. 14","VDEM v. 14"
"175","Panama",1994,1,2.908,"Base Qof vdem_mecorrpt",NA,NA,0,"Base Qof nelda_mbbe",NA,NA,1.086,0.805,"VDEM v. 14","VDEM v. 14"
"176","Republica Dominicana",1994,1,1.44,"Base Qof vdem_mecorrpt",NA,NA,0,"Base Qof nelda_mbbe",NA,NA,1.037,1.316,"VDEM v. 14","VDEM v. 14"
"177","Uruguay",1994,1,3.582,"Base Qof vdem_mecorrpt",NA,NA,0,"Base Qof nelda_mbbe",NA,NA,1.027,1.81,"VDEM v. 14","VDEM v. 14"
"178","Bolivia",1993,1,2.938,"Base Qof vdem_mecorrpt",NA,NA,0,"Base Qof nelda_mbbe",NA,NA,1.061,0.851,"VDEM v. 14","VDEM v. 14"
"179","Chile",1993,1,3.905,"Base Qof vdem_mecorrpt",NA,NA,0,"Base Qof nelda_mbbe",NA,NA,1.744,1.607,"VDEM v. 14","VDEM v. 14"
"180","Honduras",1993,1,1.835,"Base Qof vdem_mecorrpt",NA,NA,3,"Base Qof nelda_mbbe",NA,NA,1.328,1.078,"VDEM v. 14","VDEM v. 14"
"181","Paraguay",1993,1,1.775,"Base Qof vdem_mecorrpt",NA,NA,3,"Base Qof nelda_mbbe",NA,NA,0.13,0.617,"VDEM v. 14","VDEM v. 14"
"182","Venezuela",1993,1,3.56,"Base Qof vdem_mecorrpt",NA,NA,0,"Base Qof nelda_mbbe",NA,NA,2.019,1.535,"VDEM v. 14","VDEM v. 14"
"183","Ecuador",1992,2,3.052,"Base Qof vdem_mecorrpt",NA,NA,0,"Base Qof nelda_mbbe",NA,NA,1.229,1.403,"VDEM v. 14","VDEM v. 14"
"184","Ecuador",1992,1,3.052,"Base Qof vdem_mecorrpt",NA,NA,0,"Base Qof nelda_mbbe",NA,NA,1.229,1.403,"VDEM v. 14","VDEM v. 14"
"185","Guatemala",1991,2,1.972,"Base Qof vdem_mecorrpt",NA,NA,1,"Base Qof nelda_mbbe",NA,NA,0.225,0.85,"VDEM v. 14","VDEM v. 14"
"186","Colombia",1990,1,2.323,"Base Qof vdem_mecorrpt",NA,NA,3,"Base Qof nelda_mbbe",NA,NA,0.7,0.497,"VDEM v. 14","VDEM v. 14"
"187","Costa Rica",1990,1,3.556,"Base Qof vdem_mecorrpt",NA,NA,0,"Base Qof nelda_mbbe",NA,NA,2.779,1.498,"VDEM v. 14","VDEM v. 14"
"188","Guatemala",1991,1,1.972,"Base Qof vdem_mecorrpt",NA,NA,3,"Base Qof nelda_mbbe",NA,NA,0.225,0.85,"VDEM v. 14","VDEM v. 14"
"189","Nicaragua",1990,1,3.379,"Base Qof vdem_mecorrpt",NA,NA,3,"Base Qof nelda_mbbe",NA,NA,1.5,1.66,"VDEM v. 14","VDEM v. 14"
"190","Peru",1990,2,1.651,"Base Qof vdem_mecorrpt",NA,NA,3,"Base Qof nelda_mbbe",NA,NA,1.568,1.812,"VDEM v. 14","VDEM v. 14"
"191","Peru",1990,1,1.651,"Base Qof vdem_mecorrpt",NA,NA,3,"Base Qof nelda_mbbe",NA,NA,1.568,1.812,"VDEM v. 14","VDEM v. 14"
"192","Republica Dominicana",1990,1,1.44,"Base Qof vdem_mecorrpt",NA,NA,3,"Base Qof nelda_mbbe",NA,NA,1.037,1.316,"VDEM v. 14","VDEM v. 14"
"193","Argentina",1989,1,2.704,"Base Qof vdem_mecorrpt",NA,NA,0,"Base Qof nelda_mbbe",NA,NA,2.114,2.223,"VDEM v. 14","VDEM v. 14"
"194","Bolivia",1989,1,2.938,"Base Qof vdem_mecorrpt",NA,NA,0,"Base Qof nelda_mbbe",NA,NA,1.061,0.851,"VDEM v. 14","VDEM v. 14"
"195","Brasil",1989,2,2.777,"Base Qof vdem_mecorrpt",NA,NA,0,"Base Qof nelda_mbbe",NA,NA,0.835,1.543,"VDEM v. 14","VDEM v. 14"
"196","Brasil",1989,1,2.777,"Base Qof vdem_mecorrpt",NA,NA,0,"Base Qof nelda_mbbe",NA,NA,0.835,1.543,"VDEM v. 14","VDEM v. 14"
"197","Chile",1989,1,0.418,"Base Qof vdem_mecorrpt",NA,NA,0,"Base Qof nelda_mbbe",NA,NA,-1.014,-1.849,"VDEM v. 14","VDEM v. 14"
"198","El Salvador",1989,1,1.849,"Base Qof vdem_mecorrpt",NA,NA,0,"Base Qof nelda_mbbe",NA,NA,-0.752,-0.739,"VDEM v. 14","VDEM v. 14"
"199","Honduras",1989,1,1.835,"Base Qof vdem_mecorrpt",NA,NA,0,"Base Qof nelda_mbbe",NA,NA,0.226,1.078,"VDEM v. 14","VDEM v. 14"
"200","Paraguay",1989,1,0.947,"Base Qof vdem_mecorrpt",NA,NA,0,"Base Qof nelda_mbbe",NA,NA,-1.899,-1.706,"VDEM v. 14","VDEM v. 14"
"201","Uruguay",1989,1,3.582,"Base Qof vdem_mecorrpt",NA,NA,0,"Base Qof nelda_mbbe",NA,NA,1.027,1.81,"VDEM v. 14","VDEM v. 14"
"202","Ecuador",1988,2,2.143,"Base Qof vdem_mecorrpt",NA,NA,3,"Base Qof nelda_mbbe",NA,NA,1.589,0.979,"VDEM v. 14","VDEM v. 14"
"203","Ecuador",1988,1,2.143,"Base Qof vdem_mecorrpt",NA,NA,3,"Base Qof nelda_mbbe",NA,NA,1.589,0.979,"VDEM v. 14","VDEM v. 14"
"204","Mexico",1988,1,1.606,"Base Qof vdem_mecorrpt",NA,NA,0,"Base Qof nelda_mbbe",NA,NA,0.092,-0.894,"VDEM v. 14","VDEM v. 14"
"205","Venezuela",1988,1,3.265,"Base Qof vdem_mecorrpt",NA,NA,0,"Base Qof nelda_mbbe",NA,NA,2.019,1.913,"VDEM v. 14","VDEM v. 14"
"206","Colombia",1986,1,2.323,"Base Qof vdem_mecorrpt",NA,NA,0,"Base Qof nelda_mbbe",NA,NA,0.7,0.497,"VDEM v. 14","VDEM v. 14"
"207","Costa Rica",1986,1,3.556,"Base Qof vdem_mecorrpt",NA,NA,0,"Base Qof nelda_mbbe",NA,NA,2.779,1.498,"VDEM v. 14","VDEM v. 14"
"208","Republica Dominicana",1986,1,1.44,"Base Qof vdem_mecorrpt",NA,NA,0,"Base Qof nelda_mbbe",NA,NA,1.037,1.316,"VDEM v. 14","VDEM v. 14"
"209","Bolivia",1985,1,2.938,"Base Qof vdem_mecorrpt",NA,NA,0,"Base Qof nelda_mbbe",NA,NA,1.061,0.851,"VDEM v. 14","VDEM v. 14"
"210","Guatemala",1985,2,0.676,"Base Qof vdem_mecorrpt",NA,NA,3,"Proyectado. Último valor disponible base Qof nelda_mbbe",NA,NA,-0.225,-0.044,"VDEM v. 14","VDEM v. 14"
"211","Guatemala",1985,1,0.676,"Base Qof vdem_mecorrpt",NA,NA,3,"Proyectado. Último valor disponible base Qof nelda_mbbe",NA,NA,-0.225,-0.044,"VDEM v. 14","VDEM v. 14"
"212","Honduras",1985,1,1.835,"Base Qof vdem_mecorrpt",NA,NA,0,"Base Qof nelda_mbbe",NA,NA,0.226,1.078,"VDEM v. 14","VDEM v. 14"
"213","Peru",1985,1,1.783,"Base Qof vdem_mecorrpt",NA,NA,0,"Base Qof nelda_mbbe",NA,NA,1.697,1.812,"VDEM v. 14","VDEM v. 14"
"214","Ecuador",1984,2,3.031,"Base Qof vdem_mecorrpt",NA,NA,0,"Base Qof nelda_mbbe",NA,NA,1.201,0.979,"VDEM v. 14","VDEM v. 14"
"215","Ecuador",1984,1,3.031,"Base Qof vdem_mecorrpt",NA,NA,0,"Base Qof nelda_mbbe",NA,NA,1.201,0.979,"VDEM v. 14","VDEM v. 14"
"216","El Salvador",1984,2,1.849,"Base Qof vdem_mecorrpt",NA,NA,0,"Proyectado. Último valor disponible base Qof nelda_mbbe",NA,NA,-0.92,-0.739,"VDEM v. 14","VDEM v. 14"
"217","El Salvador",1984,1,1.849,"Base Qof vdem_mecorrpt",NA,NA,NA,NA,NA,NA,-0.92,-0.739,"VDEM v. 14","VDEM v. 14"
"218","Nicaragua",1984,1,1.417,"Base Qof vdem_mecorrpt",NA,NA,3,"Base Qof nelda_mbbe",NA,NA,-0.507,0.361,"VDEM v. 14","VDEM v. 14"
"219","Uruguay",1984,1,1.589,"Base Qof vdem_mecorrpt",NA,NA,NA,NA,NA,NA,-0.311,-0.086,"VDEM v. 14","VDEM v. 14"
"220","Argentina",1983,1,1.043,"Base Qof vdem_mecorrpt",NA,NA,0,"Base Qof nelda_mbbe",NA,NA,-0.311,-0.808,"VDEM v. 14","VDEM v. 14"
"221","Venezuela",1983,1,3.367,"Base Qof vdem_mecorrpt",NA,NA,0,"Base Qof nelda_mbbe",NA,NA,2.019,1.913,"VDEM v. 14","VDEM v. 14"
"222","Colombia",1982,1,2.934,"Base Qof vdem_mecorrpt",NA,NA,0,"Base Qof nelda_mbbe",NA,NA,0.26,0.497,"VDEM v. 14","VDEM v. 14"
"223","Costa Rica",1982,1,3.556,"Base Qof vdem_mecorrpt",NA,NA,0,"Base Qof nelda_mbbe",NA,NA,2.779,1.498,"VDEM v. 14","VDEM v. 14"
"224","Guatemala",1982,1,0.341,"Base Qof vdem_mecorrpt",NA,NA,3,"Base Qof nelda_mbbe",NA,NA,-1.477,-0.963,"VDEM v. 14","VDEM v. 14"
"225","Mexico",1982,1,1.303,"Base Qof vdem_mecorrpt",NA,NA,0,"Base Qof nelda_mbbe",NA,NA,-0.082,-0.894,"VDEM v. 14","VDEM v. 14"
"226","Republica Dominicana",1982,1,1.44,"Base Qof vdem_mecorrpt",NA,NA,0,"Base Qof nelda_mbbe",NA,NA,1.037,1.316,"VDEM v. 14","VDEM v. 14"
"227","Honduras",1981,1,1.835,"Base Qof vdem_mecorrpt",NA,NA,0,"Base Qof nelda_mbbe",NA,NA,0.226,1.078,"VDEM v. 14","VDEM v. 14"
"228","Bolivia",1980,1,1.123,"Base Qof vdem_mecorrpt",NA,NA,0,"Base Qof nelda_mbbe",NA,NA,-1.29,-1.535,"VDEM v. 14","VDEM v. 14"
"229","Peru",1980,1,1.783,"Base Qof vdem_mecorrpt",NA,NA,NA,NA,NA,NA,1.697,1.812,"VDEM v. 14","VDEM v. 14"
"230","Bolivia",1979,1,1.366,"Base Qof vdem_mecorrpt",NA,NA,0,"Base Qof nelda_mbbe",NA,NA,-0.166,-0.828,"VDEM v. 14","VDEM v. 14"
"231","Ecuador",1979,2,2.577,"Base Qof vdem_mecorrpt",NA,NA,3,"Base Qof nelda_mbbe",NA,NA,1.301,0.208,"VDEM v. 14","VDEM v. 14"
"232","Ecuador",1979,1,2.577,"Base Qof vdem_mecorrpt",NA,NA,3,"Base Qof nelda_mbbe",NA,NA,1.301,0.208,"VDEM v. 14","VDEM v. 14"
"233","Bolivia",1978,1,1.366,"Base Qof vdem_mecorrpt",NA,NA,0,"Base Qof nelda_mbbe",NA,NA,-0.166,-1.057,"VDEM v. 14","VDEM v. 14"
"234","Colombia",1978,1,2.533,"Base Qof vdem_mecorrpt",NA,NA,0,"Base Qof nelda_mbbe",NA,NA,-0.705,0.497,"VDEM v. 14","VDEM v. 14"
"235","Costa Rica",1978,1,3.556,"Base Qof vdem_mecorrpt",NA,NA,0,"Base Qof nelda_mbbe",NA,NA,2.779,1.069,"VDEM v. 14","VDEM v. 14"
"236","Guatemala",1978,1,0.112,"Base Qof vdem_mecorrpt",NA,NA,0,"Base Qof nelda_mbbe",NA,NA,-1.477,-0.963,"VDEM v. 14","VDEM v. 14"
"237","Republica Dominicana",1978,1,1.44,"Base Qof vdem_mecorrpt",NA,NA,0,"Base Qof nelda_mbbe",NA,NA,1.037,1.537,"VDEM v. 14","VDEM v. 14"
"238","Venezuela",1978,1,3.367,"Base Qof vdem_mecorrpt",NA,NA,3,"Base Qof nelda_mbbe",NA,NA,2.019,1.913,"VDEM v. 14","VDEM v. 14"
"239","Colombia",1974,1,2.533,"Base Qof vdem_mecorrpt",NA,NA,0,"Base Qof nelda_mbbe",NA,NA,-0.705,0.497,"VDEM v. 14","VDEM v. 14"
"240","Costa Rica",1974,1,3.556,"Base Qof vdem_mecorrpt",NA,NA,0,"Base Qof nelda_mbbe",NA,NA,2.779,1.069,"VDEM v. 14","VDEM v. 14"
"241","Guatemala",1974,1,0.112,"Base Qof vdem_mecorrpt",NA,NA,3,"Base Qof nelda_mbbe",NA,NA,-1.477,-0.963,"VDEM v. 14","VDEM v. 14"
"242","Venezuela",1973,1,3.367,"Base Qof vdem_mecorrpt",NA,NA,3,"Base Qof nelda_mbbe",NA,NA,2.019,1.913,"VDEM v. 14","VDEM v. 14"
"243","Costa Rica",1970,1,3.556,"Base Qof vdem_mecorrpt",NA,NA,0,"Base Qof nelda_mbbe",NA,NA,2.779,1.069,"VDEM v. 14","VDEM v. 14"
"244","Guatemala",1970,1,0.112,"Base Qof vdem_mecorrpt",NA,NA,0,"Base Qof nelda_mbbe",NA,NA,-1.178,-0.963,"VDEM v. 14","VDEM v. 14"
"245","Ecuador",1968,1,2.577,"Base Qof vdem_mecorrpt",NA,NA,3,"Base Qof nelda_mbbe",NA,NA,1.301,0.413,"VDEM v. 14","VDEM v. 14"
"246","Venezuela",1968,1,3.367,"Base Qof vdem_mecorrpt",NA,NA,0,"Base Qof nelda_mbbe",NA,NA,2.019,1.91,"VDEM v. 14","VDEM v. 14"
"247","Costa Rica",1966,1,3.556,"Base Qof vdem_mecorrpt",NA,NA,0,"Base Qof nelda_mbbe",NA,NA,2.036,1.069,"VDEM v. 14","VDEM v. 14"
"248","Guatemala",1966,1,0.112,"Base Qof vdem_mecorrpt",NA,NA,0,"Base Qof nelda_mbbe",NA,NA,-1.178,-0.963,"VDEM v. 14","VDEM v. 14"
"249","Venezuela",1963,1,3.367,"Base Qof vdem_mecorrpt",NA,NA,0,"Base Qof nelda_mbbe",NA,NA,2.019,1.91,"VDEM v. 14","VDEM v. 14"
"250","Costa Rica",1962,1,3.556,"Base Qof vdem_mecorrpt",NA,NA,0,"Base Qof nelda_mbbe",NA,NA,2.036,1.069,"VDEM v. 14","VDEM v. 14"
"251","Ecuador",1960,1,2.577,"Base Qof vdem_mecorrpt",NA,NA,0,"Base Qof nelda_mbbe",NA,NA,1.301,0.413,"VDEM v. 14","VDEM v. 14"
"252","Venezuela",1958,1,3.367,"Base Qof vdem_mecorrpt",NA,NA,0,"Base Qof nelda_mbbe",NA,NA,0.799,1.41,"VDEM v. 14","VDEM v. 14"
