"","cat_pais","ncat_eleccion","ncat_ronda","runoff","concelec","source_runoff","source_concelec","compulsoryvoting","source_compulsoryvoting"
"1","Argentina",1983,1,NA,NA,NA,NA,1,"Base Qof ideavt_prescv"
"2","Argentina",1989,1,0,1,"Mainwaring & Su (2021) - runoff","Mainwaring & Su (2021) - conc_elec",1,"Base Qof ideavt_prescv"
"3","Argentina",1995,1,1,1,"Mainwaring & Su (2021) - runoff","Mainwaring & Su (2021) - conc_elec",1,"Base Qof ideavt_prescv"
"4","Argentina",1999,1,1,1,"Mainwaring & Su (2021) - runoff","Mainwaring & Su (2021) - conc_elec",1,"Base Qof ideavt_prescv"
"5","Argentina",2003,1,1,1,"Mainwaring & Su (2021) - runoff","Mainwaring & Su (2021) - conc_elec",1,"Base Qof ideavt_prescv"
"6","Argentina",2007,1,1,1,"Mainwaring & Su (2021) - runoff","Mainwaring & Su (2021) - conc_elec",1,"Base Qof ideavt_prescv"
"7","Argentina",2011,1,1,1,"Mainwaring & Su (2021) - runoff","Mainwaring & Su (2021) - conc_elec",1,"Base Qof ideavt_prescv"
"8","Argentina",2015,1,1,1,"Mainwaring & Su (2021) - runoff","Mainwaring & Su (2021) - conc_elec",1,"Base Qof ideavt_prescv"
"9","Argentina",2015,2,1,1,"Mainwaring & Su (2021) - runoff","Mainwaring & Su (2021) - conc_elec",1,"Base Qof ideavt_prescv"
"10","Argentina",2019,1,NA,NA,NA,NA,1,"Base Qof ideavt_prescv"
"11","Argentina",2023,1,NA,NA,NA,NA,1,"Base Qof ideavt_prescv"
"12","Argentina",2023,2,NA,NA,NA,NA,1,"Base Qof ideavt_prescv"
"13","Bolivia",1978,1,NA,NA,NA,NA,1,"Base Qof ideavt_prescv"
"14","Bolivia",1979,1,NA,NA,NA,NA,1,"Base Qof ideavt_prescv"
"15","Bolivia",1980,1,NA,NA,NA,NA,1,"Base Qof ideavt_prescv"
"16","Bolivia",1985,1,NA,NA,NA,NA,1,"Base Qof ideavt_prescv"
"17","Bolivia",1989,1,1,1,"Mainwaring & Su (2021) - runoff","Mainwaring & Su (2021) - conc_elec",1,"Base Qof ideavt_prescv"
"18","Bolivia",1993,1,1,1,"Mainwaring & Su (2021) - runoff","Mainwaring & Su (2021) - conc_elec",1,"Base Qof ideavt_prescv"
"19","Bolivia",1997,1,1,1,"Mainwaring & Su (2021) - runoff","Mainwaring & Su (2021) - conc_elec",1,"Base Qof ideavt_prescv"
"20","Bolivia",2002,1,1,1,"Mainwaring & Su (2021) - runoff","Mainwaring & Su (2021) - conc_elec",1,"Base Qof ideavt_prescv"
"21","Bolivia",2005,1,1,1,"Mainwaring & Su (2021) - runoff","Mainwaring & Su (2021) - conc_elec",1,"Base Qof ideavt_prescv"
"22","Bolivia",2009,1,1,1,"Mainwaring & Su (2021) - runoff","Mainwaring & Su (2021) - conc_elec",1,"Base Qof ideavt_prescv"
"23","Bolivia",2014,1,1,1,"Mainwaring & Su (2021) - runoff","Mainwaring & Su (2021) - conc_elec",1,"Base Qof ideavt_prescv"
"24","Bolivia",2019,1,NA,NA,NA,NA,1,"Base Qof ideavt_prescv"
"25","Bolivia",2020,1,NA,NA,NA,NA,1,"Base Qof ideavt_prescv"
"26","Brasil",1989,1,NA,NA,NA,NA,1,"Base Qof ideavt_prescv"
"27","Brasil",1989,2,NA,NA,NA,NA,1,"Base Qof ideavt_prescv"
"28","Brasil",1994,1,1,1,"Mainwaring & Su (2021) - runoff","Mainwaring & Su (2021) - conc_elec",1,"Base Qof ideavt_prescv"
"29","Brasil",1998,1,1,1,"Mainwaring & Su (2021) - runoff","Mainwaring & Su (2021) - conc_elec",1,"Base Qof ideavt_prescv"
"30","Brasil",2002,1,1,1,"Mainwaring & Su (2021) - runoff","Mainwaring & Su (2021) - conc_elec",1,"Base Qof ideavt_prescv"
"31","Brasil",2002,2,1,1,"Mainwaring & Su (2021) - runoff","Mainwaring & Su (2021) - conc_elec",1,"Base Qof ideavt_prescv"
"32","Brasil",2006,1,1,1,"Mainwaring & Su (2021) - runoff","Mainwaring & Su (2021) - conc_elec",1,"Base Qof ideavt_prescv"
"33","Brasil",2006,2,1,1,"Mainwaring & Su (2021) - runoff","Mainwaring & Su (2021) - conc_elec",1,"Base Qof ideavt_prescv"
"34","Brasil",2010,1,1,1,"Mainwaring & Su (2021) - runoff","Mainwaring & Su (2021) - conc_elec",1,"Base Qof ideavt_prescv"
"35","Brasil",2010,2,1,1,"Mainwaring & Su (2021) - runoff","Mainwaring & Su (2021) - conc_elec",1,"Base Qof ideavt_prescv"
"36","Brasil",2014,1,1,1,"Mainwaring & Su (2021) - runoff","Mainwaring & Su (2021) - conc_elec",1,"Base Qof ideavt_prescv"
"37","Brasil",2014,2,1,1,"Mainwaring & Su (2021) - runoff","Mainwaring & Su (2021) - conc_elec",1,"Base Qof ideavt_prescv"
"38","Brasil",2018,1,1,1,"Mainwaring & Su (2021) - runoff","Mainwaring & Su (2021) - conc_elec",1,"Base Qof ideavt_prescv"
"39","Brasil",2018,2,1,1,"Mainwaring & Su (2021) - runoff","Mainwaring & Su (2021) - conc_elec",1,"Base Qof ideavt_prescv"
"40","Brasil",2022,1,NA,NA,NA,NA,1,"Base Qof ideavt_prescv"
"41","Brasil",2022,2,NA,NA,NA,NA,1,"Base Qof ideavt_prescv"
"42","Chile",1989,1,NA,NA,NA,NA,1,"Base Qof ideavt_prescv"
"43","Chile",1993,1,1,1,"Mainwaring & Su (2021) - runoff","Mainwaring & Su (2021) - conc_elec",1,"Base Qof ideavt_prescv"
"44","Chile",2000,1,1,0,"Mainwaring & Su (2021) - runoff","Mainwaring & Su (2021) - conc_elec",1,"Base Qof ideavt_prescv"
"45","Chile",2000,2,1,0,"Mainwaring & Su (2021) - runoff","Mainwaring & Su (2021) - conc_elec",1,"Base Qof ideavt_prescv"
"46","Chile",2006,1,1,1,"Mainwaring & Su (2021) - runoff","Mainwaring & Su (2021) - conc_elec",1,"Base Qof ideavt_prescv"
"47","Chile",2006,2,1,1,"Mainwaring & Su (2021) - runoff","Mainwaring & Su (2021) - conc_elec",1,"Base Qof ideavt_prescv"
"48","Chile",2010,1,1,1,"Mainwaring & Su (2021) - runoff","Mainwaring & Su (2021) - conc_elec",1,"Base Qof ideavt_prescv"
"49","Chile",2010,2,1,1,"Mainwaring & Su (2021) - runoff","Mainwaring & Su (2021) - conc_elec",1,"Base Qof ideavt_prescv"
"50","Chile",2013,1,1,1,"Mainwaring & Su (2021) - runoff","Mainwaring & Su (2021) - conc_elec",0,"Base Qof ideavt_prescv"
"51","Chile",2013,2,1,1,"Mainwaring & Su (2021) - runoff","Mainwaring & Su (2021) - conc_elec",0,"Base Qof ideavt_prescv"
"52","Chile",2017,1,1,1,"Mainwaring & Su (2021) - runoff","Mainwaring & Su (2021) - conc_elec",0,"Base Qof ideavt_prescv"
"53","Chile",2017,2,1,1,"Mainwaring & Su (2021) - runoff","Mainwaring & Su (2021) - conc_elec",0,"Base Qof ideavt_prescv"
"54","Chile",2021,1,NA,NA,NA,NA,0,"Base Qof ideavt_prescv"
"55","Chile",2021,2,NA,NA,NA,NA,0,"Base Qof ideavt_prescv"
"56","Colombia",1974,1,0,1,"Mainwaring & Su (2021) - runoff","Mainwaring & Su (2021) - conc_elec",NA,NA
"57","Colombia",1978,1,0,0,"Mainwaring & Su (2021) - runoff","Mainwaring & Su (2021) - conc_elec",NA,NA
"58","Colombia",1982,1,0,0,"Mainwaring & Su (2021) - runoff","Mainwaring & Su (2021) - conc_elec",NA,NA
"59","Colombia",1986,1,0,0,"Mainwaring & Su (2021) - runoff","Mainwaring & Su (2021) - conc_elec",NA,NA
"60","Colombia",1990,1,0,0,"Mainwaring & Su (2021) - runoff","Mainwaring & Su (2021) - conc_elec",NA,NA
"61","Colombia",1994,1,1,0,"Mainwaring & Su (2021) - runoff","Mainwaring & Su (2021) - conc_elec",NA,NA
"62","Colombia",1994,2,1,0,"Mainwaring & Su (2021) - runoff","Mainwaring & Su (2021) - conc_elec",NA,NA
"63","Colombia",1998,1,1,0,"Mainwaring & Su (2021) - runoff","Mainwaring & Su (2021) - conc_elec",NA,NA
"64","Colombia",1998,2,1,0,"Mainwaring & Su (2021) - runoff","Mainwaring & Su (2021) - conc_elec",NA,NA
"65","Colombia",2002,1,1,0,"Mainwaring & Su (2021) - runoff","Mainwaring & Su (2021) - conc_elec",0,"Base Qof ideavt_prescv"
"66","Colombia",2006,1,1,0,"Mainwaring & Su (2021) - runoff","Mainwaring & Su (2021) - conc_elec",0,"Base Qof ideavt_prescv"
"67","Colombia",2010,1,1,0,"Mainwaring & Su (2021) - runoff","Mainwaring & Su (2021) - conc_elec",0,"Base Qof ideavt_prescv"
"68","Colombia",2010,2,1,0,"Mainwaring & Su (2021) - runoff","Mainwaring & Su (2021) - conc_elec",0,"Base Qof ideavt_prescv"
"69","Colombia",2014,1,1,0,"Mainwaring & Su (2021) - runoff","Mainwaring & Su (2021) - conc_elec",0,"Base Qof ideavt_prescv"
"70","Colombia",2014,2,1,0,"Mainwaring & Su (2021) - runoff","Mainwaring & Su (2021) - conc_elec",0,"Base Qof ideavt_prescv"
"71","Colombia",2018,1,1,0,"Mainwaring & Su (2021) - runoff","Mainwaring & Su (2021) - conc_elec",0,"Base Qof ideavt_prescv"
"72","Colombia",2018,2,1,0,"Mainwaring & Su (2021) - runoff","Mainwaring & Su (2021) - conc_elec",0,"Base Qof ideavt_prescv"
"73","Colombia",2022,1,NA,NA,NA,NA,0,"Base Qof ideavt_prescv"
"74","Colombia",2022,2,NA,NA,NA,NA,0,"Base Qof ideavt_prescv"
"75","Costa Rica",1962,1,1,1,"Mainwaring & Su (2021) - runoff","Mainwaring & Su (2021) - conc_elec",1,"Base Qof ideavt_prescv"
"76","Costa Rica",1966,1,1,1,"Mainwaring & Su (2021) - runoff","Mainwaring & Su (2021) - conc_elec",1,"Base Qof ideavt_prescv"
"77","Costa Rica",1970,1,1,1,"Mainwaring & Su (2021) - runoff","Mainwaring & Su (2021) - conc_elec",1,"Base Qof ideavt_prescv"
"78","Costa Rica",1974,1,1,1,"Mainwaring & Su (2021) - runoff","Mainwaring & Su (2021) - conc_elec",1,"Base Qof ideavt_prescv"
"79","Costa Rica",1978,1,1,1,"Mainwaring & Su (2021) - runoff","Mainwaring & Su (2021) - conc_elec",1,"Base Qof ideavt_prescv"
"80","Costa Rica",1982,1,1,1,"Mainwaring & Su (2021) - runoff","Mainwaring & Su (2021) - conc_elec",1,"Base Qof ideavt_prescv"
"81","Costa Rica",1986,1,1,1,"Mainwaring & Su (2021) - runoff","Mainwaring & Su (2021) - conc_elec",1,"Base Qof ideavt_prescv"
"82","Costa Rica",1990,1,1,1,"Mainwaring & Su (2021) - runoff","Mainwaring & Su (2021) - conc_elec",1,"Base Qof ideavt_prescv"
"83","Costa Rica",1994,1,1,1,"Mainwaring & Su (2021) - runoff","Mainwaring & Su (2021) - conc_elec",1,"Base Qof ideavt_prescv"
"84","Costa Rica",1998,1,1,1,"Mainwaring & Su (2021) - runoff","Mainwaring & Su (2021) - conc_elec",1,"Base Qof ideavt_prescv"
"85","Costa Rica",2002,1,1,1,"Mainwaring & Su (2021) - runoff","Mainwaring & Su (2021) - conc_elec",1,"Base Qof ideavt_prescv"
"86","Costa Rica",2002,2,1,1,"Mainwaring & Su (2021) - runoff","Mainwaring & Su (2021) - conc_elec",1,"Base Qof ideavt_prescv"
"87","Costa Rica",2006,1,1,1,"Mainwaring & Su (2021) - runoff","Mainwaring & Su (2021) - conc_elec",1,"Base Qof ideavt_prescv"
"88","Costa Rica",2010,1,1,1,"Mainwaring & Su (2021) - runoff","Mainwaring & Su (2021) - conc_elec",1,"Base Qof ideavt_prescv"
"89","Costa Rica",2014,1,1,1,"Mainwaring & Su (2021) - runoff","Mainwaring & Su (2021) - conc_elec",1,"Base Qof ideavt_prescv"
"90","Costa Rica",2014,2,1,1,"Mainwaring & Su (2021) - runoff","Mainwaring & Su (2021) - conc_elec",1,"Base Qof ideavt_prescv"
"91","Costa Rica",2018,1,1,1,"Mainwaring & Su (2021) - runoff","Mainwaring & Su (2021) - conc_elec",1,"Base Qof ideavt_prescv"
"92","Costa Rica",2018,2,1,1,"Mainwaring & Su (2021) - runoff","Mainwaring & Su (2021) - conc_elec",1,"Base Qof ideavt_prescv"
"93","Costa Rica",2022,1,NA,NA,NA,NA,1,"Base Qof ideavt_prescv"
"94","Costa Rica",2022,2,NA,NA,NA,NA,1,"Base Qof ideavt_prescv"
"95","Ecuador",1960,1,NA,NA,NA,NA,1,"Base Qof ideavt_prescv"
"96","Ecuador",1968,1,NA,NA,NA,NA,1,"Base Qof ideavt_prescv"
"97","Ecuador",1979,1,NA,NA,NA,NA,1,"Base Qof ideavt_prescv"
"98","Ecuador",1979,2,NA,NA,NA,NA,1,"Base Qof ideavt_prescv"
"99","Ecuador",1984,1,1,1,"Mainwaring & Su (2021) - runoff","Mainwaring & Su (2021) - conc_elec",1,"Base Qof ideavt_prescv"
"100","Ecuador",1984,2,1,1,"Mainwaring & Su (2021) - runoff","Mainwaring & Su (2021) - conc_elec",1,"Base Qof ideavt_prescv"
"101","Ecuador",1988,1,1,1,"Mainwaring & Su (2021) - runoff","Mainwaring & Su (2021) - conc_elec",1,"Base Qof ideavt_prescv"
"102","Ecuador",1988,2,1,1,"Mainwaring & Su (2021) - runoff","Mainwaring & Su (2021) - conc_elec",1,"Base Qof ideavt_prescv"
"103","Ecuador",1992,1,1,1,"Mainwaring & Su (2021) - runoff","Mainwaring & Su (2021) - conc_elec",1,"Base Qof ideavt_prescv"
"104","Ecuador",1992,2,1,1,"Mainwaring & Su (2021) - runoff","Mainwaring & Su (2021) - conc_elec",1,"Base Qof ideavt_prescv"
"105","Ecuador",1996,1,1,1,"Mainwaring & Su (2021) - runoff","Mainwaring & Su (2021) - conc_elec",1,"Base Qof ideavt_prescv"
"106","Ecuador",1996,2,1,1,"Mainwaring & Su (2021) - runoff","Mainwaring & Su (2021) - conc_elec",1,"Base Qof ideavt_prescv"
"107","Ecuador",1998,1,1,1,"Mainwaring & Su (2021) - runoff","Mainwaring & Su (2021) - conc_elec",1,"Base Qof ideavt_prescv"
"108","Ecuador",1998,2,1,1,"Mainwaring & Su (2021) - runoff","Mainwaring & Su (2021) - conc_elec",1,"Base Qof ideavt_prescv"
"109","Ecuador",2002,1,1,1,"Mainwaring & Su (2021) - runoff","Mainwaring & Su (2021) - conc_elec",1,"Base Qof ideavt_prescv"
"110","Ecuador",2002,2,1,1,"Mainwaring & Su (2021) - runoff","Mainwaring & Su (2021) - conc_elec",1,"Base Qof ideavt_prescv"
"111","Ecuador",2006,1,1,1,"Mainwaring & Su (2021) - runoff","Mainwaring & Su (2021) - conc_elec",1,"Base Qof ideavt_prescv"
"112","Ecuador",2006,2,1,1,"Mainwaring & Su (2021) - runoff","Mainwaring & Su (2021) - conc_elec",1,"Base Qof ideavt_prescv"
"113","Ecuador",2009,1,1,1,"Mainwaring & Su (2021) - runoff","Mainwaring & Su (2021) - conc_elec",1,"Base Qof ideavt_prescv"
"114","Ecuador",2013,1,1,1,"Mainwaring & Su (2021) - runoff","Mainwaring & Su (2021) - conc_elec",1,"Base Qof ideavt_prescv"
"115","Ecuador",2017,1,1,1,"Mainwaring & Su (2021) - runoff","Mainwaring & Su (2021) - conc_elec",1,"Base Qof ideavt_prescv"
"116","Ecuador",2017,2,1,1,"Mainwaring & Su (2021) - runoff","Mainwaring & Su (2021) - conc_elec",1,"Base Qof ideavt_prescv"
"117","Ecuador",2021,1,NA,NA,NA,NA,1,"Base Qof ideavt_prescv"
"118","Ecuador",2021,2,NA,NA,NA,NA,1,"Base Qof ideavt_prescv"
"119","Ecuador",2023,1,NA,NA,NA,NA,1,"Base Qof ideavt_prescv"
"120","Ecuador",2023,2,NA,NA,NA,NA,1,"Base Qof ideavt_prescv"
"121","El Salvador",1984,1,NA,NA,NA,NA,0,"Base Qof ideavt_prescv"
"122","El Salvador",1984,2,NA,NA,NA,NA,0,"Base Qof ideavt_prescv"
"123","El Salvador",1989,1,NA,NA,NA,NA,0,"Base Qof ideavt_prescv"
"124","El Salvador",1994,1,1,1,"Mainwaring & Su (2021) - runoff","Mainwaring & Su (2021) - conc_elec",0,"Base Qof ideavt_prescv"
"125","El Salvador",1994,2,1,1,"Mainwaring & Su (2021) - runoff","Mainwaring & Su (2021) - conc_elec",0,"Base Qof ideavt_prescv"
"126","El Salvador",1999,1,1,0,"Mainwaring & Su (2021) - runoff","Mainwaring & Su (2021) - conc_elec",0,"Base Qof ideavt_prescv"
"127","El Salvador",2004,1,1,0,"Mainwaring & Su (2021) - runoff","Mainwaring & Su (2021) - conc_elec",0,"Base Qof ideavt_prescv"
"128","El Salvador",2009,1,1,0,"Mainwaring & Su (2021) - runoff","Mainwaring & Su (2021) - conc_elec",0,"Base Qof ideavt_prescv"
"129","El Salvador",2014,1,1,0,"Mainwaring & Su (2021) - runoff","Mainwaring & Su (2021) - conc_elec",0,"Base Qof ideavt_prescv"
"130","El Salvador",2014,2,1,0,"Mainwaring & Su (2021) - runoff","Mainwaring & Su (2021) - conc_elec",0,"Base Qof ideavt_prescv"
"131","El Salvador",2019,1,NA,NA,NA,NA,0,"Base Qof ideavt_prescv"
"132","El Salvador",2024,1,NA,NA,NA,NA,NA,NA
"133","Guatemala",1966,1,NA,NA,NA,NA,1,"Base Qof ideavt_prescv"
"134","Guatemala",1970,1,NA,NA,NA,NA,1,"Base Qof ideavt_prescv"
"135","Guatemala",1974,1,NA,NA,NA,NA,1,"Base Qof ideavt_prescv"
"136","Guatemala",1978,1,NA,NA,NA,NA,1,"Base Qof ideavt_prescv"
"137","Guatemala",1982,1,NA,NA,NA,NA,1,"Base Qof ideavt_prescv"
"138","Guatemala",1985,1,NA,NA,NA,NA,1,"Base Qof ideavt_prescv"
"139","Guatemala",1985,2,NA,NA,NA,NA,1,"Base Qof ideavt_prescv"
"140","Guatemala",1991,1,1,1,"Mainwaring & Su (2021) - runoff","Mainwaring & Su (2021) - conc_elec",0,"Base Qof ideavt_prescv"
"141","Guatemala",1991,2,1,1,"Mainwaring & Su (2021) - runoff","Mainwaring & Su (2021) - conc_elec",0,"Base Qof ideavt_prescv"
"142","Guatemala",1995,1,1,1,"Mainwaring & Su (2021) - runoff","Mainwaring & Su (2021) - conc_elec",0,"Base Qof ideavt_prescv"
"143","Guatemala",1995,2,1,1,"Mainwaring & Su (2021) - runoff","Mainwaring & Su (2021) - conc_elec",0,"Base Qof ideavt_prescv"
"144","Guatemala",1999,1,1,1,"Mainwaring & Su (2021) - runoff","Mainwaring & Su (2021) - conc_elec",0,"Base Qof ideavt_prescv"
"145","Guatemala",1999,2,1,1,"Mainwaring & Su (2021) - runoff","Mainwaring & Su (2021) - conc_elec",0,"Base Qof ideavt_prescv"
"146","Guatemala",2003,1,1,1,"Mainwaring & Su (2021) - runoff","Mainwaring & Su (2021) - conc_elec",0,"Base Qof ideavt_prescv"
"147","Guatemala",2003,2,1,1,"Mainwaring & Su (2021) - runoff","Mainwaring & Su (2021) - conc_elec",0,"Base Qof ideavt_prescv"
"148","Guatemala",2007,1,1,1,"Mainwaring & Su (2021) - runoff","Mainwaring & Su (2021) - conc_elec",0,"Base Qof ideavt_prescv"
"149","Guatemala",2007,2,1,1,"Mainwaring & Su (2021) - runoff","Mainwaring & Su (2021) - conc_elec",0,"Base Qof ideavt_prescv"
"150","Guatemala",2011,1,1,1,"Mainwaring & Su (2021) - runoff","Mainwaring & Su (2021) - conc_elec",0,"Base Qof ideavt_prescv"
"151","Guatemala",2011,2,1,1,"Mainwaring & Su (2021) - runoff","Mainwaring & Su (2021) - conc_elec",0,"Base Qof ideavt_prescv"
"152","Guatemala",2015,1,1,1,"Mainwaring & Su (2021) - runoff","Mainwaring & Su (2021) - conc_elec",0,"Base Qof ideavt_prescv"
"153","Guatemala",2015,2,1,1,"Mainwaring & Su (2021) - runoff","Mainwaring & Su (2021) - conc_elec",0,"Base Qof ideavt_prescv"
"154","Guatemala",2019,1,NA,NA,NA,NA,0,"Base Qof ideavt_prescv"
"155","Guatemala",2019,2,NA,NA,NA,NA,0,"Base Qof ideavt_prescv"
"156","Guatemala",2023,1,NA,NA,NA,NA,0,"Base Qof ideavt_prescv"
"157","Guatemala",2023,2,NA,NA,NA,NA,0,"Base Qof ideavt_prescv"
"158","Honduras",1981,1,NA,NA,NA,NA,1,"Base Qof ideavt_prescv"
"159","Honduras",1985,1,0,1,"Mainwaring & Su (2021) - runoff","Mainwaring & Su (2021) - conc_elec",1,"Base Qof ideavt_prescv"
"160","Honduras",1989,1,0,1,"Mainwaring & Su (2021) - runoff","Mainwaring & Su (2021) - conc_elec",1,"Base Qof ideavt_prescv"
"161","Honduras",1993,1,0,1,"Mainwaring & Su (2021) - runoff","Mainwaring & Su (2021) - conc_elec",1,"Base Qof ideavt_prescv"
"162","Honduras",1997,1,0,1,"Mainwaring & Su (2021) - runoff","Mainwaring & Su (2021) - conc_elec",1,"Base Qof ideavt_prescv"
"163","Honduras",2001,1,0,1,"Mainwaring & Su (2021) - runoff","Mainwaring & Su (2021) - conc_elec",1,"Base Qof ideavt_prescv"
"164","Honduras",2005,1,0,1,"Mainwaring & Su (2021) - runoff","Mainwaring & Su (2021) - conc_elec",1,"Base Qof ideavt_prescv"
"165","Honduras",2009,1,0,1,"Mainwaring & Su (2021) - runoff","Mainwaring & Su (2021) - conc_elec",1,"Base Qof ideavt_prescv"
"166","Honduras",2013,1,NA,NA,NA,NA,1,"Base Qof ideavt_prescv"
"167","Honduras",2017,1,NA,NA,NA,NA,1,"Base Qof ideavt_prescv"
"168","Honduras",2021,1,NA,NA,NA,NA,1,"Base Qof ideavt_prescv"
"169","Mexico",1982,1,NA,NA,NA,NA,1,"Base Qof ideavt_prescv"
"170","Mexico",1988,1,NA,NA,NA,NA,1,"Base Qof ideavt_prescv"
"171","Mexico",1994,1,0,1,"Mainwaring & Su (2021) - runoff","Mainwaring & Su (2021) - conc_elec",1,"Base Qof ideavt_prescv"
"172","Mexico",2000,1,0,1,"Mainwaring & Su (2021) - runoff","Mainwaring & Su (2021) - conc_elec",1,"Base Qof ideavt_prescv"
"173","Mexico",2006,1,0,1,"Mainwaring & Su (2021) - runoff","Mainwaring & Su (2021) - conc_elec",1,"Base Qof ideavt_prescv"
"174","Mexico",2012,1,0,1,"Mainwaring & Su (2021) - runoff","Mainwaring & Su (2021) - conc_elec",1,"Base Qof ideavt_prescv"
"175","Mexico",2018,1,0,1,"Mainwaring & Su (2021) - runoff","Mainwaring & Su (2021) - conc_elec",1,"Base Qof ideavt_prescv"
"176","Nicaragua",1984,1,NA,NA,NA,NA,0,"Base Qof ideavt_prescv"
"177","Nicaragua",1990,1,1,1,"Mainwaring & Su (2021) - runoff","Mainwaring & Su (2021) - conc_elec",0,"Base Qof ideavt_prescv"
"178","Nicaragua",1996,1,1,1,"Mainwaring & Su (2021) - runoff","Mainwaring & Su (2021) - conc_elec",0,"Base Qof ideavt_prescv"
"179","Nicaragua",2001,1,1,1,"Mainwaring & Su (2021) - runoff","Mainwaring & Su (2021) - conc_elec",0,"Base Qof ideavt_prescv"
"180","Nicaragua",2006,1,1,1,"Mainwaring & Su (2021) - runoff","Mainwaring & Su (2021) - conc_elec",0,"Base Qof ideavt_prescv"
"181","Nicaragua",2011,1,NA,NA,NA,NA,0,"Base Qof ideavt_prescv"
"182","Nicaragua",2016,1,NA,NA,NA,NA,0,"Base Qof ideavt_prescv"
"183","Panama",1994,1,0,1,"Mainwaring & Su (2021) - runoff","Mainwaring & Su (2021) - conc_elec",1,"Base Qof ideavt_prescv"
"184","Panama",1999,1,0,1,"Mainwaring & Su (2021) - runoff","Mainwaring & Su (2021) - conc_elec",1,"Base Qof ideavt_prescv"
"185","Panama",2004,1,0,1,"Mainwaring & Su (2021) - runoff","Mainwaring & Su (2021) - conc_elec",1,"Base Qof ideavt_prescv"
"186","Panama",2009,1,0,1,"Mainwaring & Su (2021) - runoff","Mainwaring & Su (2021) - conc_elec",1,"Base Qof ideavt_prescv"
"187","Panama",2014,1,0,1,"Mainwaring & Su (2021) - runoff","Mainwaring & Su (2021) - conc_elec",1,"Base Qof ideavt_prescv"
"188","Panama",2019,1,NA,NA,NA,NA,1,"Base Qof ideavt_prescv"
"189","Paraguay",1989,1,NA,NA,NA,NA,1,"Base Qof ideavt_prescv"
"190","Paraguay",1993,1,0,1,"Mainwaring & Su (2021) - runoff","Mainwaring & Su (2021) - conc_elec",1,"Base Qof ideavt_prescv"
"191","Paraguay",1998,1,0,1,"Mainwaring & Su (2021) - runoff","Mainwaring & Su (2021) - conc_elec",1,"Base Qof ideavt_prescv"
"192","Paraguay",2003,1,0,1,"Mainwaring & Su (2021) - runoff","Mainwaring & Su (2021) - conc_elec",1,"Base Qof ideavt_prescv"
"193","Paraguay",2008,1,0,1,"Mainwaring & Su (2021) - runoff","Mainwaring & Su (2021) - conc_elec",1,"Base Qof ideavt_prescv"
"194","Paraguay",2013,1,0,1,"Mainwaring & Su (2021) - runoff","Mainwaring & Su (2021) - conc_elec",1,"Base Qof ideavt_prescv"
"195","Paraguay",2018,1,0,1,"Mainwaring & Su (2021) - runoff","Mainwaring & Su (2021) - conc_elec",1,"Base Qof ideavt_prescv"
"196","Paraguay",2023,1,NA,NA,NA,NA,1,"Base Qof ideavt_prescv"
"197","Peru",1980,1,NA,NA,NA,NA,1,"Base Qof ideavt_prescv"
"198","Peru",1985,1,1,1,"Mainwaring & Su (2021) - runoff","Mainwaring & Su (2021) - conc_elec",1,"Base Qof ideavt_prescv"
"199","Peru",1990,1,1,1,"Mainwaring & Su (2021) - runoff","Mainwaring & Su (2021) - conc_elec",1,"Base Qof ideavt_prescv"
"200","Peru",1990,2,1,1,"Mainwaring & Su (2021) - runoff","Mainwaring & Su (2021) - conc_elec",1,"Base Qof ideavt_prescv"
"201","Peru",1995,1,1,1,"Mainwaring & Su (2021) - runoff","Mainwaring & Su (2021) - conc_elec",1,"Base Qof ideavt_prescv"
"202","Peru",2000,1,NA,NA,NA,NA,1,"Base Qof ideavt_prescv"
"203","Peru",2000,2,NA,NA,NA,NA,1,"Base Qof ideavt_prescv"
"204","Peru",2001,1,1,1,"Mainwaring & Su (2021) - runoff","Mainwaring & Su (2021) - conc_elec",1,"Base Qof ideavt_prescv"
"205","Peru",2001,2,1,1,"Mainwaring & Su (2021) - runoff","Mainwaring & Su (2021) - conc_elec",1,"Base Qof ideavt_prescv"
"206","Peru",2006,1,1,1,"Mainwaring & Su (2021) - runoff","Mainwaring & Su (2021) - conc_elec",1,"Base Qof ideavt_prescv"
"207","Peru",2006,2,1,1,"Mainwaring & Su (2021) - runoff","Mainwaring & Su (2021) - conc_elec",1,"Base Qof ideavt_prescv"
"208","Peru",2011,1,1,1,"Mainwaring & Su (2021) - runoff","Mainwaring & Su (2021) - conc_elec",1,"Base Qof ideavt_prescv"
"209","Peru",2011,2,1,1,"Mainwaring & Su (2021) - runoff","Mainwaring & Su (2021) - conc_elec",1,"Base Qof ideavt_prescv"
"210","Peru",2016,1,1,1,"Mainwaring & Su (2021) - runoff","Mainwaring & Su (2021) - conc_elec",1,"Base Qof ideavt_prescv"
"211","Peru",2016,2,1,1,"Mainwaring & Su (2021) - runoff","Mainwaring & Su (2021) - conc_elec",1,"Base Qof ideavt_prescv"
"212","Peru",2021,1,NA,NA,NA,NA,1,"Base Qof ideavt_prescv"
"213","Peru",2021,2,NA,NA,NA,NA,1,"Base Qof ideavt_prescv"
"214","Republica Dominicana",1978,1,NA,NA,NA,NA,1,"Base Qof ideavt_prescv"
"215","Republica Dominicana",1982,1,NA,NA,NA,NA,1,"Base Qof ideavt_prescv"
"216","Republica Dominicana",1986,1,NA,NA,NA,NA,1,"Base Qof ideavt_prescv"
"217","Republica Dominicana",1990,1,NA,NA,NA,NA,1,"Base Qof ideavt_prescv"
"218","Republica Dominicana",1994,1,NA,NA,NA,NA,NA,NA
"219","Republica Dominicana",1996,1,NA,NA,NA,NA,1,"Base Qof ideavt_prescv"
"220","Republica Dominicana",1996,2,NA,NA,NA,NA,1,"Base Qof ideavt_prescv"
"221","Republica Dominicana",2000,1,NA,NA,NA,NA,1,"Base Qof ideavt_prescv"
"222","Republica Dominicana",2004,1,NA,NA,NA,NA,1,"Base Qof ideavt_prescv"
"223","Republica Dominicana",2008,1,NA,NA,NA,NA,1,"Base Qof ideavt_prescv"
"224","Republica Dominicana",2012,1,NA,NA,NA,NA,0,"Base Qof ideavt_prescv"
"225","Republica Dominicana",2016,1,NA,NA,NA,NA,0,"Base Qof ideavt_prescv"
"226","Republica Dominicana",2020,1,NA,NA,NA,NA,0,"Base Qof ideavt_prescv"
"227","Uruguay",1984,1,NA,NA,NA,NA,1,"Base Qof ideavt_prescv"
"228","Uruguay",1989,1,0,1,"Mainwaring & Su (2021) - runoff","Mainwaring & Su (2021) - conc_elec",1,"Base Qof ideavt_prescv"
"229","Uruguay",1994,1,0,1,"Mainwaring & Su (2021) - runoff","Mainwaring & Su (2021) - conc_elec",1,"Base Qof ideavt_prescv"
"230","Uruguay",1999,1,1,1,"Mainwaring & Su (2021) - runoff","Mainwaring & Su (2021) - conc_elec",1,"Base Qof ideavt_prescv"
"231","Uruguay",1999,2,1,1,"Mainwaring & Su (2021) - runoff","Mainwaring & Su (2021) - conc_elec",1,"Base Qof ideavt_prescv"
"232","Uruguay",2004,1,1,1,"Mainwaring & Su (2021) - runoff","Mainwaring & Su (2021) - conc_elec",1,"Base Qof ideavt_prescv"
"233","Uruguay",2009,1,1,1,"Mainwaring & Su (2021) - runoff","Mainwaring & Su (2021) - conc_elec",1,"Base Qof ideavt_prescv"
"234","Uruguay",2009,2,1,1,"Mainwaring & Su (2021) - runoff","Mainwaring & Su (2021) - conc_elec",1,"Base Qof ideavt_prescv"
"235","Uruguay",2014,1,1,1,"Mainwaring & Su (2021) - runoff","Mainwaring & Su (2021) - conc_elec",1,"Base Qof ideavt_prescv"
"236","Uruguay",2014,2,1,1,"Mainwaring & Su (2021) - runoff","Mainwaring & Su (2021) - conc_elec",1,"Base Qof ideavt_prescv"
"237","Uruguay",2019,1,NA,NA,NA,NA,1,"Base Qof ideavt_prescv"
"238","Uruguay",2019,2,NA,NA,NA,NA,1,"Base Qof ideavt_prescv"
"239","Venezuela",1958,1,NA,NA,NA,NA,1,"Base Qof ideavt_prescv"
"240","Venezuela",1963,1,0,1,"Mainwaring & Su (2021) - runoff","Mainwaring & Su (2021) - conc_elec",1,"Base Qof ideavt_prescv"
"241","Venezuela",1968,1,0,1,"Mainwaring & Su (2021) - runoff","Mainwaring & Su (2021) - conc_elec",1,"Base Qof ideavt_prescv"
"242","Venezuela",1973,1,0,1,"Mainwaring & Su (2021) - runoff","Mainwaring & Su (2021) - conc_elec",1,"Base Qof ideavt_prescv"
"243","Venezuela",1978,1,0,1,"Mainwaring & Su (2021) - runoff","Mainwaring & Su (2021) - conc_elec",1,"Base Qof ideavt_prescv"
"244","Venezuela",1983,1,0,1,"Mainwaring & Su (2021) - runoff","Mainwaring & Su (2021) - conc_elec",1,"Base Qof ideavt_prescv"
"245","Venezuela",1988,1,0,1,"Mainwaring & Su (2021) - runoff","Mainwaring & Su (2021) - conc_elec",1,"Base Qof ideavt_prescv"
"246","Venezuela",1993,1,0,1,"Mainwaring & Su (2021) - runoff","Mainwaring & Su (2021) - conc_elec",0,"Base Qof ideavt_prescv"
"247","Venezuela",1998,1,0,0,"Mainwaring & Su (2021) - runoff","Mainwaring & Su (2021) - conc_elec",0,"Base Qof ideavt_prescv"
"248","Venezuela",2000,1,0,1,"Mainwaring & Su (2021) - runoff","Mainwaring & Su (2021) - conc_elec",0,"Base Qof ideavt_prescv"
"249","Venezuela",2006,1,0,0,"Mainwaring & Su (2021) - runoff","Mainwaring & Su (2021) - conc_elec",0,"Base Qof ideavt_prescv"
"250","Venezuela",2012,1,NA,NA,NA,NA,0,"Base Qof ideavt_prescv"
"251","Venezuela",2013,1,NA,NA,NA,NA,0,"Base Qof ideavt_prescv"
"252","Venezuela",2018,1,NA,NA,NA,NA,0,"Base Qof ideavt_prescv"
