"","cat_pais","ncat_eleccion","ncat_ronda","edadregimenppolity","source_edadregimenppolity","edadregimenbmr","source_edadregimenbmr","edadregimenmainw","source_edadregimenmainw","edadregimenfilled","source_edadregimenfilled"
"1","Argentina",1983,1,0,"Base Qof p_durable",1,"Base Qof bmr_demdur",NA,"Mainwaring & Su (2021) - age_demo",1,"1"
"2","Argentina",1989,1,6,"Base Qof p_durable",7,"Base Qof bmr_demdur",6,"Mainwaring & Su (2021) - age_demo",7,"7"
"3","Argentina",1995,1,12,"Base Qof p_durable",13,"Base Qof bmr_demdur",12,"Mainwaring & Su (2021) - age_demo",13,"13"
"4","Argentina",1999,1,16,"Base Qof p_durable",17,"Base Qof bmr_demdur",16,"Mainwaring & Su (2021) - age_demo",17,"17"
"5","Argentina",2003,1,20,"Base Qof p_durable",21,"Base Qof bmr_demdur",20,"Mainwaring & Su (2021) - age_demo",21,"21"
"6","Argentina",2007,1,24,"Base Qof p_durable",25,"Base Qof bmr_demdur",24,"Mainwaring & Su (2021) - age_demo",25,"25"
"7","Argentina",2011,1,28,"Base Qof p_durable",29,"Base Qof bmr_demdur",28,"Mainwaring & Su (2021) - age_demo",29,"29"
"8","Argentina",2015,2,32,"Base Qof p_durable",33,"Base Qof bmr_demdur",32,"Mainwaring & Su (2021) - age_demo",33,"33"
"9","Argentina",2015,1,32,"Base Qof p_durable",33,"Base Qof bmr_demdur",32,"Mainwaring & Su (2021) - age_demo",33,"33"
"10","Argentina",2019,1,NA,NA,37,"Base Qof bmr_demdur",NA,"Mainwaring & Su (2021) - age_demo",37,"37"
"11","Argentina",2023,2,NA,NA,NA,NA,NA,"Mainwaring & Su (2021) - age_demo",41,"41"
"12","Argentina",2023,1,NA,NA,NA,NA,NA,"Mainwaring & Su (2021) - age_demo",41,"41"
"13","Bolivia",1978,1,0,"Base Qof p_durable",154,"Base Qof bmr_demdur",NA,"Mainwaring & Su (2021) - age_demo",NA,"Dato perdido a propósito. Elección considerada híbrida por bmr_demdur"
"14","Bolivia",1979,1,1,"Base Qof p_durable",1,"Base Qof bmr_demdur",NA,"Mainwaring & Su (2021) - age_demo",1,"1"
"15","Bolivia",1980,1,0,"Base Qof p_durable",1,"Base Qof bmr_demdur",NA,"Mainwaring & Su (2021) - age_demo",1,"1"
"16","Bolivia",1985,1,0,"Base Qof p_durable",4,"Base Qof bmr_demdur",NA,"Mainwaring & Su (2021) - age_demo",4,"4"
"17","Bolivia",1989,1,4,"Base Qof p_durable",8,"Base Qof bmr_demdur",4,"Mainwaring & Su (2021) - age_demo",8,"8"
"18","Bolivia",1993,1,8,"Base Qof p_durable",12,"Base Qof bmr_demdur",8,"Mainwaring & Su (2021) - age_demo",12,"12"
"19","Bolivia",1997,1,12,"Base Qof p_durable",16,"Base Qof bmr_demdur",12,"Mainwaring & Su (2021) - age_demo",16,"16"
"20","Bolivia",2002,1,17,"Base Qof p_durable",21,"Base Qof bmr_demdur",17,"Mainwaring & Su (2021) - age_demo",21,"21"
"21","Bolivia",2005,1,20,"Base Qof p_durable",24,"Base Qof bmr_demdur",20,"Mainwaring & Su (2021) - age_demo",24,"24"
"22","Bolivia",2009,1,24,"Base Qof p_durable",28,"Base Qof bmr_demdur",24,"Mainwaring & Su (2021) - age_demo",28,"28"
"23","Bolivia",2014,1,29,"Base Qof p_durable",33,"Base Qof bmr_demdur",29,"Mainwaring & Su (2021) - age_demo",33,"33"
"24","Bolivia",2019,1,NA,NA,38,"Base Qof bmr_demdur",NA,"Mainwaring & Su (2021) - age_demo",38,"38"
"25","Bolivia",2020,1,NA,NA,39,"Base Qof bmr_demdur",NA,"Mainwaring & Su (2021) - age_demo",39,"39"
"26","Brasil",1989,2,4,"Base Qof p_durable",5,"Base Qof bmr_demdur",NA,"Mainwaring & Su (2021) - age_demo",5,"5"
"27","Brasil",1989,1,4,"Base Qof p_durable",5,"Base Qof bmr_demdur",NA,"Mainwaring & Su (2021) - age_demo",5,"5"
"28","Brasil",1994,1,9,"Base Qof p_durable",10,"Base Qof bmr_demdur",5,"Mainwaring & Su (2021) - age_demo",10,"10"
"29","Brasil",1998,1,13,"Base Qof p_durable",14,"Base Qof bmr_demdur",9,"Mainwaring & Su (2021) - age_demo",14,"14"
"30","Brasil",2002,2,17,"Base Qof p_durable",18,"Base Qof bmr_demdur",13,"Mainwaring & Su (2021) - age_demo",18,"18"
"31","Brasil",2002,1,17,"Base Qof p_durable",18,"Base Qof bmr_demdur",13,"Mainwaring & Su (2021) - age_demo",18,"18"
"32","Brasil",2006,2,21,"Base Qof p_durable",22,"Base Qof bmr_demdur",17,"Mainwaring & Su (2021) - age_demo",22,"22"
"33","Brasil",2006,1,21,"Base Qof p_durable",22,"Base Qof bmr_demdur",17,"Mainwaring & Su (2021) - age_demo",22,"22"
"34","Brasil",2010,2,25,"Base Qof p_durable",26,"Base Qof bmr_demdur",21,"Mainwaring & Su (2021) - age_demo",26,"26"
"35","Brasil",2010,1,25,"Base Qof p_durable",26,"Base Qof bmr_demdur",21,"Mainwaring & Su (2021) - age_demo",26,"26"
"36","Brasil",2014,2,29,"Base Qof p_durable",30,"Base Qof bmr_demdur",25,"Mainwaring & Su (2021) - age_demo",30,"30"
"37","Brasil",2014,1,29,"Base Qof p_durable",30,"Base Qof bmr_demdur",25,"Mainwaring & Su (2021) - age_demo",30,"30"
"38","Brasil",2018,2,33,"Base Qof p_durable",34,"Base Qof bmr_demdur",29,"Mainwaring & Su (2021) - age_demo",34,"34"
"39","Brasil",2018,1,33,"Base Qof p_durable",34,"Base Qof bmr_demdur",29,"Mainwaring & Su (2021) - age_demo",34,"34"
"40","Brasil",2022,2,NA,NA,NA,NA,NA,"Mainwaring & Su (2021) - age_demo",38,"38"
"41","Brasil",2022,1,NA,NA,NA,NA,NA,"Mainwaring & Su (2021) - age_demo",38,"38"
"42","Chile",1989,1,0,"Base Qof p_durable",17,"Base Qof bmr_demdur",NA,"Mainwaring & Su (2021) - age_demo",17,"17"
"43","Chile",1993,1,4,"Base Qof p_durable",4,"Base Qof bmr_demdur",4,"Mainwaring & Su (2021) - age_demo",4,"4"
"44","Chile",2000,1,10,"Base Qof p_durable",10,"Base Qof bmr_demdur",10,"Mainwaring & Su (2021) - age_demo",10,"10"
"45","Chile",2000,2,11,"Base Qof p_durable",11,"Base Qof bmr_demdur",10,"Mainwaring & Su (2021) - age_demo",10,"10"
"46","Chile",2006,1,16,"Base Qof p_durable",16,"Base Qof bmr_demdur",16,"Mainwaring & Su (2021) - age_demo",16,"16"
"47","Chile",2006,2,17,"Base Qof p_durable",17,"Base Qof bmr_demdur",16,"Mainwaring & Su (2021) - age_demo",16,"16"
"48","Chile",2010,1,20,"Base Qof p_durable",20,"Base Qof bmr_demdur",20,"Mainwaring & Su (2021) - age_demo",20,"20"
"49","Chile",2010,2,21,"Base Qof p_durable",21,"Base Qof bmr_demdur",20,"Mainwaring & Su (2021) - age_demo",20,"20"
"50","Chile",2013,2,24,"Base Qof p_durable",24,"Base Qof bmr_demdur",24,"Mainwaring & Su (2021) - age_demo",24,"24"
"51","Chile",2013,1,24,"Base Qof p_durable",24,"Base Qof bmr_demdur",24,"Mainwaring & Su (2021) - age_demo",24,"24"
"52","Chile",2017,2,28,"Base Qof p_durable",28,"Base Qof bmr_demdur",28,"Mainwaring & Su (2021) - age_demo",28,"28"
"53","Chile",2017,1,28,"Base Qof p_durable",28,"Base Qof bmr_demdur",28,"Mainwaring & Su (2021) - age_demo",28,"28"
"54","Chile",2021,2,NA,NA,NA,NA,NA,"Mainwaring & Su (2021) - age_demo",32,"32"
"55","Chile",2021,1,NA,NA,NA,NA,NA,"Mainwaring & Su (2021) - age_demo",32,"32"
"56","Colombia",1974,1,17,"Base Qof p_durable",17,"Base Qof bmr_demdur",4,"Mainwaring & Su (2021) - age_demo",17,"17"
"57","Colombia",1978,1,21,"Base Qof p_durable",21,"Base Qof bmr_demdur",8,"Mainwaring & Su (2021) - age_demo",21,"21"
"58","Colombia",1982,1,25,"Base Qof p_durable",25,"Base Qof bmr_demdur",12,"Mainwaring & Su (2021) - age_demo",25,"25"
"59","Colombia",1986,1,29,"Base Qof p_durable",29,"Base Qof bmr_demdur",16,"Mainwaring & Su (2021) - age_demo",29,"29"
"60","Colombia",1990,1,33,"Base Qof p_durable",33,"Base Qof bmr_demdur",20,"Mainwaring & Su (2021) - age_demo",33,"33"
"61","Colombia",1994,2,37,"Base Qof p_durable",37,"Base Qof bmr_demdur",24,"Mainwaring & Su (2021) - age_demo",37,"37"
"62","Colombia",1994,1,37,"Base Qof p_durable",37,"Base Qof bmr_demdur",24,"Mainwaring & Su (2021) - age_demo",37,"37"
"63","Colombia",1998,2,41,"Base Qof p_durable",41,"Base Qof bmr_demdur",28,"Mainwaring & Su (2021) - age_demo",41,"41"
"64","Colombia",1998,1,41,"Base Qof p_durable",41,"Base Qof bmr_demdur",28,"Mainwaring & Su (2021) - age_demo",41,"41"
"65","Colombia",2002,1,45,"Base Qof p_durable",45,"Base Qof bmr_demdur",32,"Mainwaring & Su (2021) - age_demo",45,"45"
"66","Colombia",2006,1,49,"Base Qof p_durable",49,"Base Qof bmr_demdur",36,"Mainwaring & Su (2021) - age_demo",49,"49"
"67","Colombia",2010,2,53,"Base Qof p_durable",53,"Base Qof bmr_demdur",40,"Mainwaring & Su (2021) - age_demo",53,"53"
"68","Colombia",2010,1,53,"Base Qof p_durable",53,"Base Qof bmr_demdur",40,"Mainwaring & Su (2021) - age_demo",53,"53"
"69","Colombia",2014,2,57,"Base Qof p_durable",57,"Base Qof bmr_demdur",44,"Mainwaring & Su (2021) - age_demo",57,"57"
"70","Colombia",2014,1,57,"Base Qof p_durable",57,"Base Qof bmr_demdur",44,"Mainwaring & Su (2021) - age_demo",57,"57"
"71","Colombia",2018,2,61,"Base Qof p_durable",61,"Base Qof bmr_demdur",48,"Mainwaring & Su (2021) - age_demo",61,"61"
"72","Colombia",2018,1,61,"Base Qof p_durable",61,"Base Qof bmr_demdur",48,"Mainwaring & Su (2021) - age_demo",61,"61"
"73","Colombia",2022,2,NA,NA,NA,NA,NA,"Mainwaring & Su (2021) - age_demo",65,"65"
"74","Colombia",2022,1,NA,NA,NA,NA,NA,"Mainwaring & Su (2021) - age_demo",65,"65"
"75","Costa Rica",1962,1,13,"Base Qof p_durable",14,"Base Qof bmr_demdur",9,"Mainwaring & Su (2021) - age_demo",14,"14"
"76","Costa Rica",1966,1,17,"Base Qof p_durable",18,"Base Qof bmr_demdur",13,"Mainwaring & Su (2021) - age_demo",18,"18"
"77","Costa Rica",1970,1,21,"Base Qof p_durable",22,"Base Qof bmr_demdur",17,"Mainwaring & Su (2021) - age_demo",22,"22"
"78","Costa Rica",1974,1,25,"Base Qof p_durable",26,"Base Qof bmr_demdur",21,"Mainwaring & Su (2021) - age_demo",26,"26"
"79","Costa Rica",1978,1,29,"Base Qof p_durable",30,"Base Qof bmr_demdur",25,"Mainwaring & Su (2021) - age_demo",30,"30"
"80","Costa Rica",1982,1,33,"Base Qof p_durable",34,"Base Qof bmr_demdur",29,"Mainwaring & Su (2021) - age_demo",34,"34"
"81","Costa Rica",1986,1,37,"Base Qof p_durable",38,"Base Qof bmr_demdur",33,"Mainwaring & Su (2021) - age_demo",38,"38"
"82","Costa Rica",1990,1,41,"Base Qof p_durable",42,"Base Qof bmr_demdur",37,"Mainwaring & Su (2021) - age_demo",42,"42"
"83","Costa Rica",1994,1,45,"Base Qof p_durable",46,"Base Qof bmr_demdur",41,"Mainwaring & Su (2021) - age_demo",46,"46"
"84","Costa Rica",1998,1,49,"Base Qof p_durable",50,"Base Qof bmr_demdur",45,"Mainwaring & Su (2021) - age_demo",50,"50"
"85","Costa Rica",2002,2,53,"Base Qof p_durable",54,"Base Qof bmr_demdur",49,"Mainwaring & Su (2021) - age_demo",54,"54"
"86","Costa Rica",2002,1,53,"Base Qof p_durable",54,"Base Qof bmr_demdur",49,"Mainwaring & Su (2021) - age_demo",54,"54"
"87","Costa Rica",2006,1,57,"Base Qof p_durable",58,"Base Qof bmr_demdur",53,"Mainwaring & Su (2021) - age_demo",58,"58"
"88","Costa Rica",2010,1,61,"Base Qof p_durable",62,"Base Qof bmr_demdur",57,"Mainwaring & Su (2021) - age_demo",62,"62"
"89","Costa Rica",2014,2,65,"Base Qof p_durable",66,"Base Qof bmr_demdur",61,"Mainwaring & Su (2021) - age_demo",66,"66"
"90","Costa Rica",2014,1,65,"Base Qof p_durable",66,"Base Qof bmr_demdur",61,"Mainwaring & Su (2021) - age_demo",66,"66"
"91","Costa Rica",2018,2,69,"Base Qof p_durable",70,"Base Qof bmr_demdur",65,"Mainwaring & Su (2021) - age_demo",70,"70"
"92","Costa Rica",2018,1,69,"Base Qof p_durable",70,"Base Qof bmr_demdur",65,"Mainwaring & Su (2021) - age_demo",70,"70"
"93","Costa Rica",2022,2,NA,NA,NA,NA,NA,"Mainwaring & Su (2021) - age_demo",74,"74"
"94","Costa Rica",2022,1,NA,NA,NA,NA,NA,"Mainwaring & Su (2021) - age_demo",74,"74"
"95","Ecuador",1960,1,130,"Base Qof p_durable",13,"Base Qof bmr_demdur",NA,"Mainwaring & Su (2021) - age_demo",13,"13"
"96","Ecuador",1968,1,0,"Base Qof p_durable",6,"Base Qof bmr_demdur",NA,"Mainwaring & Su (2021) - age_demo",6,"6"
"97","Ecuador",1979,2,0,"Base Qof p_durable",1,"Base Qof bmr_demdur",NA,"Mainwaring & Su (2021) - age_demo",1,"1"
"98","Ecuador",1979,1,0,"Base Qof p_durable",1,"Base Qof bmr_demdur",NA,"Mainwaring & Su (2021) - age_demo",1,"1"
"99","Ecuador",1984,2,5,"Base Qof p_durable",6,"Base Qof bmr_demdur",5,"Mainwaring & Su (2021) - age_demo",6,"6"
"100","Ecuador",1984,1,5,"Base Qof p_durable",6,"Base Qof bmr_demdur",5,"Mainwaring & Su (2021) - age_demo",6,"6"
"101","Ecuador",1988,2,9,"Base Qof p_durable",10,"Base Qof bmr_demdur",9,"Mainwaring & Su (2021) - age_demo",10,"10"
"102","Ecuador",1988,1,9,"Base Qof p_durable",10,"Base Qof bmr_demdur",9,"Mainwaring & Su (2021) - age_demo",10,"10"
"103","Ecuador",1992,2,13,"Base Qof p_durable",14,"Base Qof bmr_demdur",13,"Mainwaring & Su (2021) - age_demo",14,"14"
"104","Ecuador",1992,1,13,"Base Qof p_durable",14,"Base Qof bmr_demdur",13,"Mainwaring & Su (2021) - age_demo",14,"14"
"105","Ecuador",1996,2,17,"Base Qof p_durable",18,"Base Qof bmr_demdur",17,"Mainwaring & Su (2021) - age_demo",18,"18"
"106","Ecuador",1996,1,17,"Base Qof p_durable",18,"Base Qof bmr_demdur",17,"Mainwaring & Su (2021) - age_demo",18,"18"
"107","Ecuador",1998,2,19,"Base Qof p_durable",20,"Base Qof bmr_demdur",19,"Mainwaring & Su (2021) - age_demo",20,"20"
"108","Ecuador",1998,1,19,"Base Qof p_durable",20,"Base Qof bmr_demdur",19,"Mainwaring & Su (2021) - age_demo",20,"20"
"109","Ecuador",2002,2,2,"Base Qof p_durable",3,"Base Qof bmr_demdur",23,"Mainwaring & Su (2021) - age_demo",3,"3"
"110","Ecuador",2002,1,2,"Base Qof p_durable",3,"Base Qof bmr_demdur",23,"Mainwaring & Su (2021) - age_demo",3,"3"
"111","Ecuador",2006,2,6,"Base Qof p_durable",4,"Base Qof bmr_demdur",27,"Mainwaring & Su (2021) - age_demo",4,"4"
"112","Ecuador",2006,1,6,"Base Qof p_durable",4,"Base Qof bmr_demdur",27,"Mainwaring & Su (2021) - age_demo",4,"4"
"113","Ecuador",2009,1,9,"Base Qof p_durable",7,"Base Qof bmr_demdur",30,"Mainwaring & Su (2021) - age_demo",7,"7"
"114","Ecuador",2013,1,13,"Base Qof p_durable",11,"Base Qof bmr_demdur",34,"Mainwaring & Su (2021) - age_demo",11,"11"
"115","Ecuador",2017,2,17,"Base Qof p_durable",15,"Base Qof bmr_demdur",38,"Mainwaring & Su (2021) - age_demo",15,"15"
"116","Ecuador",2017,1,17,"Base Qof p_durable",15,"Base Qof bmr_demdur",38,"Mainwaring & Su (2021) - age_demo",15,"15"
"117","Ecuador",2021,2,NA,NA,NA,NA,NA,"Mainwaring & Su (2021) - age_demo",19,"19"
"118","Ecuador",2021,1,NA,NA,NA,NA,NA,"Mainwaring & Su (2021) - age_demo",19,"19"
"119","Ecuador",2023,2,NA,NA,NA,NA,NA,"Mainwaring & Su (2021) - age_demo",21,"21"
"120","Ecuador",2023,1,NA,NA,NA,NA,NA,"Mainwaring & Su (2021) - age_demo",21,"21"
"121","El Salvador",1984,2,0,"Base Qof p_durable",1,"Base Qof bmr_demdur",NA,"Mainwaring & Su (2021) - age_demo",1,"1"
"122","El Salvador",1984,1,0,"Base Qof p_durable",1,"Base Qof bmr_demdur",NA,"Mainwaring & Su (2021) - age_demo",1,"1"
"123","El Salvador",1989,1,5,"Base Qof p_durable",6,"Base Qof bmr_demdur",NA,"Mainwaring & Su (2021) - age_demo",6,"6"
"124","El Salvador",1994,2,10,"Base Qof p_durable",11,"Base Qof bmr_demdur",10,"Mainwaring & Su (2021) - age_demo",11,"11"
"125","El Salvador",1994,1,10,"Base Qof p_durable",11,"Base Qof bmr_demdur",10,"Mainwaring & Su (2021) - age_demo",11,"11"
"126","El Salvador",1999,1,15,"Base Qof p_durable",16,"Base Qof bmr_demdur",15,"Mainwaring & Su (2021) - age_demo",16,"16"
"127","El Salvador",2004,1,20,"Base Qof p_durable",21,"Base Qof bmr_demdur",20,"Mainwaring & Su (2021) - age_demo",21,"21"
"128","El Salvador",2009,1,25,"Base Qof p_durable",26,"Base Qof bmr_demdur",25,"Mainwaring & Su (2021) - age_demo",26,"26"
"129","El Salvador",2014,2,30,"Base Qof p_durable",31,"Base Qof bmr_demdur",30,"Mainwaring & Su (2021) - age_demo",31,"31"
"130","El Salvador",2014,1,30,"Base Qof p_durable",31,"Base Qof bmr_demdur",30,"Mainwaring & Su (2021) - age_demo",31,"31"
"131","El Salvador",2019,1,NA,NA,36,"Base Qof bmr_demdur",NA,"Mainwaring & Su (2021) - age_demo",36,"36"
"132","El Salvador",2024,1,NA,NA,NA,NA,NA,"Mainwaring & Su (2021) - age_demo",41,"41"
"133","Guatemala",1966,1,0,"Base Qof p_durable",1,"Base Qof bmr_demdur",NA,"Mainwaring & Su (2021) - age_demo",1,"1"
"134","Guatemala",1970,1,4,"Base Qof p_durable",1,"Base Qof bmr_demdur",NA,"Mainwaring & Su (2021) - age_demo",1,"1"
"135","Guatemala",1974,1,0,"Base Qof p_durable",5,"Base Qof bmr_demdur",NA,"Mainwaring & Su (2021) - age_demo",5,"5"
"136","Guatemala",1978,1,4,"Base Qof p_durable",9,"Base Qof bmr_demdur",NA,"Mainwaring & Su (2021) - age_demo",9,"9"
"137","Guatemala",1982,1,8,"Base Qof p_durable",13,"Base Qof bmr_demdur",NA,"Mainwaring & Su (2021) - age_demo",13,"13"
"138","Guatemala",1985,2,0,"Base Qof p_durable",16,"Base Qof bmr_demdur",NA,"Mainwaring & Su (2021) - age_demo",16,"16"
"139","Guatemala",1985,1,0,"Base Qof p_durable",16,"Base Qof bmr_demdur",NA,"Mainwaring & Su (2021) - age_demo",16,"16"
"140","Guatemala",1991,1,4,"Base Qof p_durable",5,"Base Qof bmr_demdur",5,"Mainwaring & Su (2021) - age_demo",5,"5"
"141","Guatemala",1991,2,5,"Base Qof p_durable",6,"Base Qof bmr_demdur",5,"Mainwaring & Su (2021) - age_demo",5,"5"
"142","Guatemala",1995,2,9,"Base Qof p_durable",10,"Base Qof bmr_demdur",10,"Mainwaring & Su (2021) - age_demo",10,"10"
"143","Guatemala",1995,1,9,"Base Qof p_durable",10,"Base Qof bmr_demdur",10,"Mainwaring & Su (2021) - age_demo",10,"10"
"144","Guatemala",1999,2,3,"Base Qof p_durable",14,"Base Qof bmr_demdur",14,"Mainwaring & Su (2021) - age_demo",14,"14"
"145","Guatemala",1999,1,3,"Base Qof p_durable",14,"Base Qof bmr_demdur",14,"Mainwaring & Su (2021) - age_demo",14,"14"
"146","Guatemala",2003,2,7,"Base Qof p_durable",18,"Base Qof bmr_demdur",18,"Mainwaring & Su (2021) - age_demo",18,"18"
"147","Guatemala",2003,1,7,"Base Qof p_durable",18,"Base Qof bmr_demdur",18,"Mainwaring & Su (2021) - age_demo",18,"18"
"148","Guatemala",2007,2,11,"Base Qof p_durable",22,"Base Qof bmr_demdur",22,"Mainwaring & Su (2021) - age_demo",22,"22"
"149","Guatemala",2007,1,11,"Base Qof p_durable",22,"Base Qof bmr_demdur",22,"Mainwaring & Su (2021) - age_demo",22,"22"
"150","Guatemala",2011,2,15,"Base Qof p_durable",26,"Base Qof bmr_demdur",26,"Mainwaring & Su (2021) - age_demo",26,"26"
"151","Guatemala",2011,1,15,"Base Qof p_durable",26,"Base Qof bmr_demdur",26,"Mainwaring & Su (2021) - age_demo",26,"26"
"152","Guatemala",2015,2,19,"Base Qof p_durable",30,"Base Qof bmr_demdur",30,"Mainwaring & Su (2021) - age_demo",30,"30"
"153","Guatemala",2015,1,19,"Base Qof p_durable",30,"Base Qof bmr_demdur",30,"Mainwaring & Su (2021) - age_demo",30,"30"
"154","Guatemala",2019,2,NA,NA,34,"Base Qof bmr_demdur",NA,"Mainwaring & Su (2021) - age_demo",34,"34"
"155","Guatemala",2019,1,NA,NA,34,"Base Qof bmr_demdur",NA,"Mainwaring & Su (2021) - age_demo",34,"34"
"156","Guatemala",2023,2,NA,NA,NA,NA,NA,"Mainwaring & Su (2021) - age_demo",38,"38"
"157","Guatemala",2023,1,NA,NA,NA,NA,NA,"Mainwaring & Su (2021) - age_demo",38,"38"
"158","Honduras",1981,1,0,"Base Qof p_durable",10,"Base Qof bmr_demdur",NA,"Mainwaring & Su (2021) - age_demo",10,"10"
"159","Honduras",1985,1,3,"Base Qof p_durable",4,"Base Qof bmr_demdur",4,"Mainwaring & Su (2021) - age_demo",4,"4"
"160","Honduras",1989,1,7,"Base Qof p_durable",8,"Base Qof bmr_demdur",8,"Mainwaring & Su (2021) - age_demo",8,"8"
"161","Honduras",1993,1,11,"Base Qof p_durable",12,"Base Qof bmr_demdur",12,"Mainwaring & Su (2021) - age_demo",12,"12"
"162","Honduras",1997,1,15,"Base Qof p_durable",16,"Base Qof bmr_demdur",16,"Mainwaring & Su (2021) - age_demo",16,"16"
"163","Honduras",2001,1,19,"Base Qof p_durable",20,"Base Qof bmr_demdur",20,"Mainwaring & Su (2021) - age_demo",20,"20"
"164","Honduras",2005,1,23,"Base Qof p_durable",24,"Base Qof bmr_demdur",24,"Mainwaring & Su (2021) - age_demo",24,"24"
"165","Honduras",2009,1,27,"Base Qof p_durable",1,"Base Qof bmr_demdur",28,"Mainwaring & Su (2021) - age_demo",1,"1"
"166","Honduras",2013,1,31,"Base Qof p_durable",4,"Base Qof bmr_demdur",NA,"Mainwaring & Su (2021) - age_demo",4,"4"
"167","Honduras",2017,1,35,"Base Qof p_durable",1,"Base Qof bmr_demdur",NA,"Mainwaring & Su (2021) - age_demo",1,"1"
"168","Honduras",2021,1,NA,NA,NA,NA,NA,"Mainwaring & Su (2021) - age_demo",5,"5"
"169","Mexico",1982,1,5,"Base Qof p_durable",161,"Base Qof bmr_demdur",NA,"Mainwaring & Su (2021) - age_demo",NA,"Dato perdido a propósito. Elección considerada híbrida por bmr_demdur"
"170","Mexico",1988,1,0,"Base Qof p_durable",167,"Base Qof bmr_demdur",NA,"Mainwaring & Su (2021) - age_demo",NA,"Dato perdido a propósito. Elección considerada híbrida por bmr_demdur"
"171","Mexico",1994,1,0,"Base Qof p_durable",173,"Base Qof bmr_demdur",6,"Mainwaring & Su (2021) - age_demo",NA,"Dato perdido a propósito. Elección considerada híbrida por bmr_demdur"
"172","Mexico",2000,1,3,"Base Qof p_durable",1,"Base Qof bmr_demdur",12,"Mainwaring & Su (2021) - age_demo",1,"1"
"173","Mexico",2006,1,9,"Base Qof p_durable",7,"Base Qof bmr_demdur",18,"Mainwaring & Su (2021) - age_demo",7,"7"
"174","Mexico",2012,1,15,"Base Qof p_durable",13,"Base Qof bmr_demdur",24,"Mainwaring & Su (2021) - age_demo",13,"13"
"175","Mexico",2018,1,21,"Base Qof p_durable",19,"Base Qof bmr_demdur",30,"Mainwaring & Su (2021) - age_demo",19,"19"
"176","Nicaragua",1984,1,0,"Base Qof p_durable",1,"Base Qof bmr_demdur",NA,"Mainwaring & Su (2021) - age_demo",1,"1"
"177","Nicaragua",1990,1,0,"Base Qof p_durable",7,"Base Qof bmr_demdur",6,"Mainwaring & Su (2021) - age_demo",7,"7"
"178","Nicaragua",1996,1,6,"Base Qof p_durable",13,"Base Qof bmr_demdur",12,"Mainwaring & Su (2021) - age_demo",13,"13"
"179","Nicaragua",2001,1,11,"Base Qof p_durable",18,"Base Qof bmr_demdur",17,"Mainwaring & Su (2021) - age_demo",18,"18"
"180","Nicaragua",2006,1,16,"Base Qof p_durable",23,"Base Qof bmr_demdur",22,"Mainwaring & Su (2021) - age_demo",23,"23"
"181","Nicaragua",2011,1,21,"Base Qof p_durable",28,"Base Qof bmr_demdur",NA,"Mainwaring & Su (2021) - age_demo",28,"28"
"182","Nicaragua",2016,1,0,"Base Qof p_durable",1,"Base Qof bmr_demdur",NA,"Mainwaring & Su (2021) - age_demo",1,"1"
"183","Panama",1994,1,5,"Base Qof p_durable",4,"Base Qof bmr_demdur",5,"Mainwaring & Su (2021) - age_demo",4,"4"
"184","Panama",1999,1,10,"Base Qof p_durable",9,"Base Qof bmr_demdur",10,"Mainwaring & Su (2021) - age_demo",9,"9"
"185","Panama",2004,1,15,"Base Qof p_durable",14,"Base Qof bmr_demdur",15,"Mainwaring & Su (2021) - age_demo",14,"14"
"186","Panama",2009,1,20,"Base Qof p_durable",19,"Base Qof bmr_demdur",20,"Mainwaring & Su (2021) - age_demo",19,"19"
"187","Panama",2014,1,25,"Base Qof p_durable",24,"Base Qof bmr_demdur",25,"Mainwaring & Su (2021) - age_demo",24,"24"
"188","Panama",2019,1,NA,NA,29,"Base Qof bmr_demdur",NA,"Mainwaring & Su (2021) - age_demo",29,"29"
"189","Paraguay",1989,1,0,"Base Qof p_durable",179,"Base Qof bmr_demdur",NA,"Mainwaring & Su (2021) - age_demo",NA,"Dato perdido a propósito. Elección considerada híbrida por bmr_demdur"
"190","Paraguay",1993,1,1,"Base Qof p_durable",183,"Base Qof bmr_demdur",4,"Mainwaring & Su (2021) - age_demo",NA,"Dato perdido a propósito. Elección considerada híbrida por bmr_demdur"
"191","Paraguay",1998,1,6,"Base Qof p_durable",188,"Base Qof bmr_demdur",9,"Mainwaring & Su (2021) - age_demo",NA,"Dato perdido a propósito. Elección considerada híbrida por bmr_demdur"
"192","Paraguay",2003,1,11,"Base Qof p_durable",1,"Base Qof bmr_demdur",14,"Mainwaring & Su (2021) - age_demo",1,"1"
"193","Paraguay",2008,1,16,"Base Qof p_durable",6,"Base Qof bmr_demdur",19,"Mainwaring & Su (2021) - age_demo",6,"6"
"194","Paraguay",2013,1,21,"Base Qof p_durable",11,"Base Qof bmr_demdur",24,"Mainwaring & Su (2021) - age_demo",11,"11"
"195","Paraguay",2018,1,26,"Base Qof p_durable",16,"Base Qof bmr_demdur",29,"Mainwaring & Su (2021) - age_demo",16,"16"
"196","Paraguay",2023,1,NA,NA,NA,NA,NA,"Mainwaring & Su (2021) - age_demo",21,"21"
"197","Peru",1980,1,0,"Base Qof p_durable",1,"Base Qof bmr_demdur",NA,"Mainwaring & Su (2021) - age_demo",1,"1"
"198","Peru",1985,1,5,"Base Qof p_durable",6,"Base Qof bmr_demdur",5,"Mainwaring & Su (2021) - age_demo",6,"6"
"199","Peru",1990,2,10,"Base Qof p_durable",1,"Base Qof bmr_demdur",10,"Mainwaring & Su (2021) - age_demo",1,"1"
"200","Peru",1990,1,10,"Base Qof p_durable",1,"Base Qof bmr_demdur",10,"Mainwaring & Su (2021) - age_demo",1,"1"
"201","Peru",1995,1,2,"Base Qof p_durable",6,"Base Qof bmr_demdur",15,"Mainwaring & Su (2021) - age_demo",6,"6"
"202","Peru",2000,2,0,"Base Qof p_durable",11,"Base Qof bmr_demdur",NA,"Mainwaring & Su (2021) - age_demo",11,"11"
"203","Peru",2000,1,0,"Base Qof p_durable",11,"Base Qof bmr_demdur",NA,"Mainwaring & Su (2021) - age_demo",11,"11"
"204","Peru",2001,2,0,"Base Qof p_durable",1,"Base Qof bmr_demdur",21,"Mainwaring & Su (2021) - age_demo",1,"1"
"205","Peru",2001,1,0,"Base Qof p_durable",1,"Base Qof bmr_demdur",21,"Mainwaring & Su (2021) - age_demo",1,"1"
"206","Peru",2006,2,5,"Base Qof p_durable",6,"Base Qof bmr_demdur",26,"Mainwaring & Su (2021) - age_demo",6,"6"
"207","Peru",2006,1,5,"Base Qof p_durable",6,"Base Qof bmr_demdur",26,"Mainwaring & Su (2021) - age_demo",6,"6"
"208","Peru",2011,2,10,"Base Qof p_durable",11,"Base Qof bmr_demdur",31,"Mainwaring & Su (2021) - age_demo",11,"11"
"209","Peru",2011,1,10,"Base Qof p_durable",11,"Base Qof bmr_demdur",31,"Mainwaring & Su (2021) - age_demo",11,"11"
"210","Peru",2016,2,15,"Base Qof p_durable",16,"Base Qof bmr_demdur",36,"Mainwaring & Su (2021) - age_demo",16,"16"
"211","Peru",2016,1,15,"Base Qof p_durable",16,"Base Qof bmr_demdur",36,"Mainwaring & Su (2021) - age_demo",16,"16"
"212","Peru",2021,2,NA,NA,NA,NA,NA,"Mainwaring & Su (2021) - age_demo",21,"21"
"213","Peru",2021,1,NA,NA,NA,NA,NA,"Mainwaring & Su (2021) - age_demo",21,"21"
"214","Republica Dominicana",1978,1,0,"Base Qof p_durable",13,"Base Qof bmr_demdur",NA,NA,13,"13"
"215","Republica Dominicana",1982,1,4,"Base Qof p_durable",17,"Base Qof bmr_demdur",NA,NA,17,"17"
"216","Republica Dominicana",1986,1,8,"Base Qof p_durable",21,"Base Qof bmr_demdur",NA,NA,21,"21"
"217","Republica Dominicana",1990,1,12,"Base Qof p_durable",25,"Base Qof bmr_demdur",NA,NA,25,"25"
"218","Republica Dominicana",1994,1,16,"Base Qof p_durable",29,"Base Qof bmr_demdur",NA,NA,29,"29"
"219","Republica Dominicana",1996,2,0,"Base Qof p_durable",31,"Base Qof bmr_demdur",NA,NA,31,"31"
"220","Republica Dominicana",1996,1,0,"Base Qof p_durable",31,"Base Qof bmr_demdur",NA,NA,31,"31"
"221","Republica Dominicana",2000,1,4,"Base Qof p_durable",35,"Base Qof bmr_demdur",NA,NA,35,"35"
"222","Republica Dominicana",2004,1,8,"Base Qof p_durable",39,"Base Qof bmr_demdur",NA,NA,39,"39"
"223","Republica Dominicana",2008,1,12,"Base Qof p_durable",43,"Base Qof bmr_demdur",NA,NA,43,"43"
"224","Republica Dominicana",2012,1,16,"Base Qof p_durable",47,"Base Qof bmr_demdur",NA,NA,47,"47"
"225","Republica Dominicana",2016,1,20,"Base Qof p_durable",51,"Base Qof bmr_demdur",NA,NA,51,"51"
"226","Republica Dominicana",2020,1,NA,NA,55,"Base Qof bmr_demdur",NA,NA,55,"55"
"227","Uruguay",1984,1,11,"Base Qof p_durable",12,"Base Qof bmr_demdur",NA,"Mainwaring & Su (2021) - age_demo",12,"12"
"228","Uruguay",1989,1,4,"Base Qof p_durable",5,"Base Qof bmr_demdur",5,"Mainwaring & Su (2021) - age_demo",5,"5"
"229","Uruguay",1994,1,9,"Base Qof p_durable",10,"Base Qof bmr_demdur",10,"Mainwaring & Su (2021) - age_demo",10,"10"
"230","Uruguay",1999,2,14,"Base Qof p_durable",15,"Base Qof bmr_demdur",15,"Mainwaring & Su (2021) - age_demo",15,"15"
"231","Uruguay",1999,1,14,"Base Qof p_durable",15,"Base Qof bmr_demdur",15,"Mainwaring & Su (2021) - age_demo",15,"15"
"232","Uruguay",2004,1,19,"Base Qof p_durable",20,"Base Qof bmr_demdur",20,"Mainwaring & Su (2021) - age_demo",20,"20"
"233","Uruguay",2009,2,24,"Base Qof p_durable",25,"Base Qof bmr_demdur",25,"Mainwaring & Su (2021) - age_demo",25,"25"
"234","Uruguay",2009,1,24,"Base Qof p_durable",25,"Base Qof bmr_demdur",25,"Mainwaring & Su (2021) - age_demo",25,"25"
"235","Uruguay",2014,2,29,"Base Qof p_durable",30,"Base Qof bmr_demdur",30,"Mainwaring & Su (2021) - age_demo",30,"30"
"236","Uruguay",2014,1,29,"Base Qof p_durable",30,"Base Qof bmr_demdur",30,"Mainwaring & Su (2021) - age_demo",30,"30"
"237","Uruguay",2019,2,NA,NA,35,"Base Qof bmr_demdur",NA,"Mainwaring & Su (2021) - age_demo",35,"35"
"238","Uruguay",2019,1,NA,NA,35,"Base Qof bmr_demdur",NA,"Mainwaring & Su (2021) - age_demo",35,"35"
"239","Venezuela",1958,1,0,"Base Qof p_durable",129,"Base Qof bmr_demdur",NA,"Mainwaring & Su (2021) - age_demo",NA,"Dato perdido a propósito. Elección considerada híbrida por bmr_demdur"
"240","Venezuela",1963,1,5,"Base Qof p_durable",5,"Base Qof bmr_demdur",5,"Mainwaring & Su (2021) - age_demo",5,"5"
"241","Venezuela",1968,1,0,"Base Qof p_durable",10,"Base Qof bmr_demdur",10,"Mainwaring & Su (2021) - age_demo",10,"10"
"242","Venezuela",1973,1,4,"Base Qof p_durable",15,"Base Qof bmr_demdur",15,"Mainwaring & Su (2021) - age_demo",15,"15"
"243","Venezuela",1978,1,9,"Base Qof p_durable",20,"Base Qof bmr_demdur",20,"Mainwaring & Su (2021) - age_demo",20,"20"
"244","Venezuela",1983,1,14,"Base Qof p_durable",25,"Base Qof bmr_demdur",25,"Mainwaring & Su (2021) - age_demo",25,"25"
"245","Venezuela",1988,1,19,"Base Qof p_durable",30,"Base Qof bmr_demdur",30,"Mainwaring & Su (2021) - age_demo",30,"30"
"246","Venezuela",1993,1,24,"Base Qof p_durable",35,"Base Qof bmr_demdur",35,"Mainwaring & Su (2021) - age_demo",35,"35"
"247","Venezuela",1998,1,29,"Base Qof p_durable",40,"Base Qof bmr_demdur",40,"Mainwaring & Su (2021) - age_demo",40,"40"
"248","Venezuela",2000,1,31,"Base Qof p_durable",42,"Base Qof bmr_demdur",42,"Mainwaring & Su (2021) - age_demo",42,"42"
"249","Venezuela",2006,1,37,"Base Qof p_durable",2,"Base Qof bmr_demdur",48,"Mainwaring & Su (2021) - age_demo",2,"2"
"250","Venezuela",2012,1,3,"Base Qof p_durable",8,"Base Qof bmr_demdur",NA,"Mainwaring & Su (2021) - age_demo",8,"8"
"251","Venezuela",2013,1,0,"Base Qof p_durable",9,"Base Qof bmr_demdur",NA,"Mainwaring & Su (2021) - age_demo",9,"9"
"252","Venezuela",2018,1,1,"Base Qof p_durable",14,"Base Qof bmr_demdur",NA,"Mainwaring & Su (2021) - age_demo",14,"14"
