"","cat_pais","ncat_eleccion","nombres_candidatos","npresenciaspasadas","nausenciaspasadas","dicopresenciaspasadas","dicoausenciaspasadas","source_participaciones"
"1","Venezuela",1963,"Arturo Uslar Pietri",0,0,0,0,"Elaboracion propia con base en Franco Hanztsch (2023)"
"2","Venezuela",1963,"Rafael Caldera",0,0,0,0,"Elaboracion propia con base en Franco Hanztsch (2023)"
"3","Venezuela",1963,"Raul Leoni",0,0,0,0,"Elaboracion propia con base en Franco Hanztsch (2023)"
"4","Venezuela",1968,"Alejandro Hernandez",0,0,0,0,"Elaboracion propia con base en Franco Hanztsch (2023)"
"5","Venezuela",1968,"German Borregales",0,0,0,0,"Elaboracion propia con base en Franco Hanztsch (2023)"
"6","Venezuela",1968,"Gonzalo Barrios",0,0,0,0,"Elaboracion propia con base en Franco Hanztsch (2023)"
"7","Venezuela",1968,"Luis Beltran Prieto",0,0,0,0,"Elaboracion propia con base en Franco Hanztsch (2023)"
"8","Venezuela",1968,"Rafael Caldera",1,0,1,0,"Elaboracion propia con base en Franco Hanztsch (2023)"
"9","Ecuador",1979,"Abdon Calderon",0,0,0,0,"Elaboracion propia con base en Franco Hanztsch (2023)"
"10","Ecuador",1979,"Jaime Roldos",0,0,0,0,"Elaboracion propia con base en Franco Hanztsch (2023)"
"11","Ecuador",1979,"Raul Clemente Huerta",0,0,0,0,"Elaboracion propia con base en Franco Hanztsch (2023)"
"12","Ecuador",1979,"Rene Mauge",0,0,0,0,"Elaboracion propia con base en Franco Hanztsch (2023)"
"13","Ecuador",1979,"Rodrigo Borja",0,0,0,0,"Elaboracion propia con base en Franco Hanztsch (2023)"
"14","Ecuador",1979,"Sixto Duran Ballen",0,0,0,0,"Elaboracion propia con base en Franco Hanztsch (2023)"
"15","Venezuela",1983,"Jaime Lusinchi",0,0,0,0,"Elaboracion propia con base en Franco Hanztsch (2023)"
"16","Venezuela",1983,"Rafael Caldera",2,0,1,0,"Elaboracion propia con base en Franco Hanztsch (2023)"
"17","Ecuador",1984,"Leon Febres Cordero",0,0,0,0,"Elaboracion propia con base en Franco Hanztsch (2023)"
"18","Ecuador",1984,"Rodrigo Borja",1,0,1,0,"Elaboracion propia con base en Franco Hanztsch (2023)"
"19","Uruguay",1984,"Alberto Zumaran",0,0,0,0,"Elaboracion propia con base en Franco Hanztsch (2023)"
"20","Uruguay",1984,"Julio Maria Sanguinetti",0,0,0,0,"Elaboracion propia con base en Franco Hanztsch (2023)"
"21","Colombia",1986,"Alvaro Gomez Hurtado",0,0,0,0,"Elaboracion propia con base en Franco Hanztsch (2023)"
"22","Colombia",1986,"Luis Carlos Galan",0,0,0,0,"Elaboracion propia con base en Franco Hanztsch (2023)"
"23","Colombia",1986,"Virgilio Barco",0,0,0,0,"Elaboracion propia con base en Franco Hanztsch (2023)"
"24","Costa Rica",1986,"Oscar Arias Sanchez",0,0,0,0,"Elaboracion propia con base en Franco Hanztsch (2023)"
"25","Costa Rica",1986,"Rafael Calderon Fournier",0,0,0,0,"Elaboracion propia con base en Franco Hanztsch (2023)"
"26","Bolivia",1989,"Antonio Aranibar",0,0,0,0,"Elaboracion propia con base en Franco Hanztsch (2023)"
"27","Bolivia",1989,"Carlos Palenque",0,0,0,0,"Elaboracion propia con base en Franco Hanztsch (2023)"
"28","Bolivia",1989,"Genaro Flores",0,0,0,0,"Elaboracion propia con base en Franco Hanztsch (2023)"
"29","Bolivia",1989,"Gonzalo Sanchez de Lozada",0,0,0,0,"Elaboracion propia con base en Franco Hanztsch (2023)"
"30","Bolivia",1989,"Hugo Banzer",0,0,0,0,"Elaboracion propia con base en Franco Hanztsch (2023)"
"31","Bolivia",1989,"Jaime Paz Zamora",0,0,0,0,"Elaboracion propia con base en Franco Hanztsch (2023)"
"32","Bolivia",1989,"Luis Sandoval Moron",0,0,0,0,"Elaboracion propia con base en Franco Hanztsch (2023)"
"33","Bolivia",1989,"Roger Cortez",0,0,0,0,"Elaboracion propia con base en Franco Hanztsch (2023)"
"34","Bolivia",1989,"Victor Hugo Cardena",0,0,0,0,"Elaboracion propia con base en Franco Hanztsch (2023)"
"35","Brasil",1989,"Affonso Camargo",0,0,0,0,"Elaboracion propia con base en Franco Hanztsch (2023)"
"36","Brasil",1989,"Aureliano Chaves",0,0,0,0,"Elaboracion propia con base en Franco Hanztsch (2023)"
"37","Brasil",1989,"Fernando Collor de Mello",0,0,0,0,"Elaboracion propia con base en Franco Hanztsch (2023)"
"38","Brasil",1989,"Guilherme Afif Domingos",0,0,0,0,"Elaboracion propia con base en Franco Hanztsch (2023)"
"39","Brasil",1989,"Leonel Brizola",0,0,0,0,"Elaboracion propia con base en Franco Hanztsch (2023)"
"40","Brasil",1989,"Luiz Inacio Lula da Silva",0,0,0,0,"Elaboracion propia con base en Franco Hanztsch (2023)"
"41","Brasil",1989,"Mario Covas",0,0,0,0,"Elaboracion propia con base en Franco Hanztsch (2023)"
"42","Brasil",1989,"Paulo Maluf",0,0,0,0,"Elaboracion propia con base en Franco Hanztsch (2023)"
"43","Brasil",1989,"Roberto Freire",0,0,0,0,"Elaboracion propia con base en Franco Hanztsch (2023)"
"44","Brasil",1989,"Ronaldo Caiado",0,0,0,0,"Elaboracion propia con base en Franco Hanztsch (2023)"
"45","Brasil",1989,"Silvio Santos",0,0,0,0,"Elaboracion propia con base en Franco Hanztsch (2023)"
"46","Brasil",1989,"Ulysses Guimaraes",0,0,0,0,"Elaboracion propia con base en Franco Hanztsch (2023)"
"47","Chile",1989,"Hernan Buchi",0,0,0,0,"Elaboracion propia con base en Franco Hanztsch (2023)"
"48","Chile",1989,"Patricio Aylwin Azocar",0,0,0,0,"Elaboracion propia con base en Franco Hanztsch (2023)"
"49","Uruguay",1989,"Alberto Zumaran",1,0,1,0,"Elaboracion propia con base en Franco Hanztsch (2023)"
"50","Uruguay",1989,"Carlos Julio Pereyra",0,0,0,0,"Elaboracion propia con base en Franco Hanztsch (2023)"
"51","Uruguay",1989,"Hugo Batalla",0,0,0,0,"Elaboracion propia con base en Franco Hanztsch (2023)"
"52","Uruguay",1989,"Jorge Batlle",0,0,0,0,"Elaboracion propia con base en Franco Hanztsch (2023)"
"53","Uruguay",1989,"Liber Seregni",0,0,0,0,"Elaboracion propia con base en Franco Hanztsch (2023)"
"54","Uruguay",1989,"Luis Alberto Lacalle Herrera",0,0,0,0,"Elaboracion propia con base en Franco Hanztsch (2023)"
"55","Peru",1990,"Alberto Fujimori",0,0,0,0,"Elaboracion propia con base en Franco Hanztsch (2023)"
"56","Peru",1990,"Mario Vargas Llosa",0,0,0,0,"Elaboracion propia con base en Franco Hanztsch (2023)"
"57","Bolivia",1993,"Antonio Aranibar",1,0,1,0,"Elaboracion propia con base en Franco Hanztsch (2023)"
"58","Bolivia",1993,"Carlos Palenque",1,0,1,0,"Elaboracion propia con base en Franco Hanztsch (2023)"
"59","Bolivia",1993,"Felix Cardenas",0,0,0,0,"Elaboracion propia con base en Franco Hanztsch (2023)"
"60","Bolivia",1993,"Fernando Untoja",0,0,0,0,"Elaboracion propia con base en Franco Hanztsch (2023)"
"61","Bolivia",1993,"Gonzalo Sanchez de Lozada",1,0,1,0,"Elaboracion propia con base en Franco Hanztsch (2023)"
"62","Bolivia",1993,"Hugo Banzer",1,0,1,0,"Elaboracion propia con base en Franco Hanztsch (2023)"
"63","Bolivia",1993,"Jerjes Justiniano",0,0,0,0,"Elaboracion propia con base en Franco Hanztsch (2023)"
"64","Bolivia",1993,"Mario Serrate",0,0,0,0,"Elaboracion propia con base en Franco Hanztsch (2023)"
"65","Bolivia",1993,"Max Fernandez",0,0,0,0,"Elaboracion propia con base en Franco Hanztsch (2023)"
"66","Bolivia",1993,"Ramiro Velasco",0,0,0,0,"Elaboracion propia con base en Franco Hanztsch (2023)"
"67","Chile",1993,"Arturo Alessandri Besa",0,0,0,0,"Elaboracion propia con base en Franco Hanztsch (2023)"
"68","Chile",1993,"Eduardo Frei Ruiz-Tagle",0,0,0,0,"Elaboracion propia con base en Franco Hanztsch (2023)"
"69","Honduras",1993,"Carlos Roberto Reina",0,0,0,0,"Elaboracion propia con base en Franco Hanztsch (2023)"
"70","Honduras",1993,"Jose Oswaldo Ramos Soto",0,0,0,0,"Elaboracion propia con base en Franco Hanztsch (2023)"
"71","Honduras",1993,"Marco Orlando Iriarte",0,0,0,0,"Elaboracion propia con base en Franco Hanztsch (2023)"
"72","Honduras",1993,"Olban Valladares",0,0,0,0,"Elaboracion propia con base en Franco Hanztsch (2023)"
"73","Brasil",1994,"Eneas Ferreira Carneiro",0,0,0,0,"Elaboracion propia con base en Franco Hanztsch (2023)"
"74","Brasil",1994,"Esperidiao Amin",0,0,0,0,"Elaboracion propia con base en Franco Hanztsch (2023)"
"75","Brasil",1994,"Fernando Henrique Cardoso",0,0,0,0,"Elaboracion propia con base en Franco Hanztsch (2023)"
"76","Brasil",1994,"Flavio Gurgel Rocha",0,0,0,0,"Elaboracion propia con base en Franco Hanztsch (2023)"
"77","Brasil",1994,"Hernani Goulart Fortuna",0,0,0,0,"Elaboracion propia con base en Franco Hanztsch (2023)"
"78","Brasil",1994,"Leonel Brizola",6,0,1,0,"Elaboracion propia con base en Franco Hanztsch (2023)"
"79","Brasil",1994,"Luiz Inacio Lula da Silva",8,0,1,0,"Elaboracion propia con base en Franco Hanztsch (2023)"
"80","Brasil",1994,"Orestes Quercia",0,0,0,0,"Elaboracion propia con base en Franco Hanztsch (2023)"
"81","Brasil",1994,"Walter Queiroz",0,0,0,0,"Elaboracion propia con base en Franco Hanztsch (2023)"
"82","Colombia",1994,"Andres Pastrana",0,0,0,0,"Elaboracion propia con base en Franco Hanztsch (2023)"
"83","Colombia",1994,"Ernesto Samper",0,0,0,0,"Elaboracion propia con base en Franco Hanztsch (2023)"
"84","Mexico",1994,"Cuauhtemoc Cardenas",0,0,0,0,"Elaboracion propia con base en Franco Hanztsch (2023)"
"85","Mexico",1994,"Diego Fernandez de Cevallos",0,0,0,0,"Elaboracion propia con base en Franco Hanztsch (2023)"
"86","Mexico",1994,"Ernesto Zedillo",0,0,0,0,"Elaboracion propia con base en Franco Hanztsch (2023)"
"87","Panama",1994,"Eduardo Vallarino Arjona",0,0,0,0,"Elaboracion propia con base en Franco Hanztsch (2023)"
"88","Panama",1994,"Ernesto Perez Balladares",0,0,0,0,"Elaboracion propia con base en Franco Hanztsch (2023)"
"89","Panama",1994,"Jose Salvador Munoz",0,0,0,0,"Elaboracion propia con base en Franco Hanztsch (2023)"
"90","Panama",1994,"Mireya Moscoso",0,0,0,0,"Elaboracion propia con base en Franco Hanztsch (2023)"
"91","Panama",1994,"Ruben Blades",0,0,0,0,"Elaboracion propia con base en Franco Hanztsch (2023)"
"92","Panama",1994,"Ruben Dario Carles",0,0,0,0,"Elaboracion propia con base en Franco Hanztsch (2023)"
"93","Panama",1994,"Samuel Lewis Galindo",0,0,0,0,"Elaboracion propia con base en Franco Hanztsch (2023)"
"94","Uruguay",1994,"Juan Andres Ramirez",0,0,0,0,"Elaboracion propia con base en Franco Hanztsch (2023)"
"95","Uruguay",1994,"Julio Maria Sanguinetti",1,0,1,0,"Elaboracion propia con base en Franco Hanztsch (2023)"
"96","Uruguay",1994,"Tabare Vazquez",0,0,0,0,"Elaboracion propia con base en Franco Hanztsch (2023)"
"97","Guatemala",1995,"Alfonso Portillo",0,0,0,0,"Elaboracion propia con base en Franco Hanztsch (2023)"
"98","Guatemala",1995,"Alvaro Arzu",0,0,0,0,"Elaboracion propia con base en Franco Hanztsch (2023)"
"99","Bolivia",1997,"Hugo Banzer",2,0,1,0,"Elaboracion propia con base en Franco Hanztsch (2023)"
"100","Bolivia",1997,"Ivo Kuljis",0,0,0,0,"Elaboracion propia con base en Franco Hanztsch (2023)"
"101","Bolivia",1997,"Jaime Paz Zamora",1,0,1,0,"Elaboracion propia con base en Franco Hanztsch (2023)"
"102","Bolivia",1997,"Juan Carlos Duran",0,0,0,0,"Elaboracion propia con base en Franco Hanztsch (2023)"
"103","Bolivia",1997,"Miguel Urioste",0,0,0,0,"Elaboracion propia con base en Franco Hanztsch (2023)"
"104","Bolivia",1997,"Remedios Loza",0,0,0,0,"Elaboracion propia con base en Franco Hanztsch (2023)"
"105","Colombia",1998,"Andres Pastrana",2,0,1,0,"Elaboracion propia con base en Franco Hanztsch (2023)"
"106","Colombia",1998,"Horacio Serpa",0,0,0,0,"Elaboracion propia con base en Franco Hanztsch (2023)"
"107","Costa Rica",1998,"Jose Miguel Corrales Bolanos",0,0,0,0,"Elaboracion propia con base en Franco Hanztsch (2023)"
"108","Costa Rica",1998,"Miguel Angel Rodriguez Echeverria",0,0,0,0,"Elaboracion propia con base en Franco Hanztsch (2023)"
"109","Venezuela",1998,"Claudio Fermin",0,0,0,0,"Elaboracion propia con base en Franco Hanztsch (2023)"
"110","Venezuela",1998,"Hugo Chavez",0,0,0,0,"Elaboracion propia con base en Franco Hanztsch (2023)"
"111","Venezuela",1998,"Irene Saez",0,0,0,0,"Elaboracion propia con base en Franco Hanztsch (2023)"
"112","El Salvador",1999,"Facundo Guardado",0,0,0,0,"Elaboracion propia con base en Franco Hanztsch (2023)"
"113","El Salvador",1999,"Francisco Flores",0,0,0,0,"Elaboracion propia con base en Franco Hanztsch (2023)"
"114","El Salvador",1999,"Rodolfo Parker",0,0,0,0,"Elaboracion propia con base en Franco Hanztsch (2023)"
"115","El Salvador",1999,"Ruben Zamora",0,0,0,0,"Elaboracion propia con base en Franco Hanztsch (2023)"
"116","El Salvador",1999,"Salvador Nestor Garcia",0,0,0,0,"Elaboracion propia con base en Franco Hanztsch (2023)"
"117","Chile",2000,"Joaquin Lavin Infante",0,0,0,0,"Elaboracion propia con base en Franco Hanztsch (2023)"
"118","Chile",2000,"Ricardo Lagos Escobar",0,0,0,0,"Elaboracion propia con base en Franco Hanztsch (2023)"
"119","Mexico",2000,"Cuauhtemoc Cardenas",1,0,1,0,"Elaboracion propia con base en Franco Hanztsch (2023)"
"120","Mexico",2000,"Francisco Labastida",0,0,0,0,"Elaboracion propia con base en Franco Hanztsch (2023)"
"121","Mexico",2000,"Gilberto Rincon",0,0,0,0,"Elaboracion propia con base en Franco Hanztsch (2023)"
"122","Mexico",2000,"Manuel Camacho",0,0,0,0,"Elaboracion propia con base en Franco Hanztsch (2023)"
"123","Mexico",2000,"Porfirio Munoz",0,0,0,0,"Elaboracion propia con base en Franco Hanztsch (2023)"
"124","Mexico",2000,"Vicente Fox",0,0,0,0,"Elaboracion propia con base en Franco Hanztsch (2023)"
"125","Peru",2001,"Alan Garcia Perez",0,0,0,0,"Elaboracion propia con base en Franco Hanztsch (2023)"
"126","Peru",2001,"Alejandro Toledo Manrique",0,0,0,0,"Elaboracion propia con base en Franco Hanztsch (2023)"
"127","Bolivia",2002,"Costa Obregon",0,0,0,0,"Elaboracion propia con base en Franco Hanztsch (2023)"
"128","Bolivia",2002,"Evo Morales",0,0,0,0,"Elaboracion propia con base en Franco Hanztsch (2023)"
"129","Bolivia",2002,"Felipe Quispe",0,0,0,0,"Elaboracion propia con base en Franco Hanztsch (2023)"
"130","Bolivia",2002,"Gonzalo Sanchez de Lozada",2,0,1,0,"Elaboracion propia con base en Franco Hanztsch (2023)"
"131","Bolivia",2002,"Jaime Paz Zamora",2,0,1,0,"Elaboracion propia con base en Franco Hanztsch (2023)"
"132","Bolivia",2002,"Johnny Fernandez",0,0,0,0,"Elaboracion propia con base en Franco Hanztsch (2023)"
"133","Bolivia",2002,"Manfred Reyes Villa",0,0,0,0,"Elaboracion propia con base en Franco Hanztsch (2023)"
"134","Bolivia",2002,"Nicolas Valdivia",0,0,0,0,"Elaboracion propia con base en Franco Hanztsch (2023)"
"135","Bolivia",2002,"Rene Blattmann",0,0,0,0,"Elaboracion propia con base en Franco Hanztsch (2023)"
"136","Bolivia",2002,"Rolando Morales",0,0,0,0,"Elaboracion propia con base en Franco Hanztsch (2023)"
"137","Brasil",2002,"Anthony Garotinho",0,0,0,0,"Elaboracion propia con base en Franco Hanztsch (2023)"
"138","Brasil",2002,"Ciro Gomes",0,0,0,0,"Elaboracion propia con base en Franco Hanztsch (2023)"
"139","Brasil",2002,"Jose Serra",0,0,0,0,"Elaboracion propia con base en Franco Hanztsch (2023)"
"140","Brasil",2002,"Luiz Inacio Lula da Silva",10,1,1,1,"Elaboracion propia con base en Franco Hanztsch (2023)"
"141","Colombia",2002,"Alvaro Uribe Velez",0,0,0,0,"Elaboracion propia con base en Franco Hanztsch (2023)"
"142","Colombia",2002,"Harold Bedoy",0,0,0,0,"Elaboracion propia con base en Franco Hanztsch (2023)"
"143","Colombia",2002,"Horacio Serpa",2,0,1,0,"Elaboracion propia con base en Franco Hanztsch (2023)"
"144","Colombia",2002,"Ingrid Betancourt",0,0,0,0,"Elaboracion propia con base en Franco Hanztsch (2023)"
"145","Colombia",2002,"Luis Eduardo Garzon",0,0,0,0,"Elaboracion propia con base en Franco Hanztsch (2023)"
"146","Colombia",2002,"Noemi Sanin",0,0,0,0,"Elaboracion propia con base en Franco Hanztsch (2023)"
"147","Costa Rica",2002,"Abel Pacheco de la Espriella",0,0,0,0,"Elaboracion propia con base en Franco Hanztsch (2023)"
"148","Costa Rica",2002,"Daniel Reynolds Vargas",0,0,0,0,"Elaboracion propia con base en Franco Hanztsch (2023)"
"149","Costa Rica",2002,"Jorge Walter Coto Molina",0,0,0,0,"Elaboracion propia con base en Franco Hanztsch (2023)"
"150","Costa Rica",2002,"Jose Hine Garcia",0,0,0,0,"Elaboracion propia con base en Franco Hanztsch (2023)"
"151","Costa Rica",2002,"Justo Orozco Alvarez",0,0,0,0,"Elaboracion propia con base en Franco Hanztsch (2023)"
"152","Costa Rica",2002,"Marvin Calvo Montoya",0,0,0,0,"Elaboracion propia con base en Franco Hanztsch (2023)"
"153","Costa Rica",2002,"Otto Guevara",0,0,0,0,"Elaboracion propia con base en Franco Hanztsch (2023)"
"154","Costa Rica",2002,"Otton Solis",0,0,0,0,"Elaboracion propia con base en Franco Hanztsch (2023)"
"155","Costa Rica",2002,"Pablo Galo Angulo Casasola",0,0,0,0,"Elaboracion propia con base en Franco Hanztsch (2023)"
"156","Costa Rica",2002,"Rolando Angulo Zeledon",0,0,0,0,"Elaboracion propia con base en Franco Hanztsch (2023)"
"157","Costa Rica",2002,"Rolando Araya",0,0,0,0,"Elaboracion propia con base en Franco Hanztsch (2023)"
"158","Costa Rica",2002,"Vladimir de la Cruz de Lemos",0,0,0,0,"Elaboracion propia con base en Franco Hanztsch (2023)"
"159","Costa Rica",2002,"Walter Munoz",0,0,0,0,"Elaboracion propia con base en Franco Hanztsch (2023)"
"160","Guatemala",2003,"Alvaro Colom",0,0,0,0,"Elaboracion propia con base en Franco Hanztsch (2023)"
"161","Guatemala",2003,"Eduardo Suger",0,0,0,0,"Elaboracion propia con base en Franco Hanztsch (2023)"
"162","Guatemala",2003,"Fritz Garcia-Gallont",0,0,0,0,"Elaboracion propia con base en Franco Hanztsch (2023)"
"163","Guatemala",2003,"Leonel Lopez Rodas",0,0,0,0,"Elaboracion propia con base en Franco Hanztsch (2023)"
"164","Guatemala",2003,"Manuel Conde Orellana",0,0,0,0,"Elaboracion propia con base en Franco Hanztsch (2023)"
"165","Guatemala",2003,"Oscar Berger",0,0,0,0,"Elaboracion propia con base en Franco Hanztsch (2023)"
"166","Paraguay",2003,"Diego Abente",0,0,0,0,"Elaboracion propia con base en Franco Hanztsch (2023)"
"167","Paraguay",2003,"Guillermo Sanchez Guffanti",0,0,0,0,"Elaboracion propia con base en Franco Hanztsch (2023)"
"168","Paraguay",2003,"Julio Cesar Franco",0,0,0,0,"Elaboracion propia con base en Franco Hanztsch (2023)"
"169","Paraguay",2003,"Nicanor Duarte Frutos",0,0,0,0,"Elaboracion propia con base en Franco Hanztsch (2023)"
"170","Paraguay",2003,"Pedro Fadul",0,0,0,0,"Elaboracion propia con base en Franco Hanztsch (2023)"
"171","Panama",2004,"Guillermo Endara",0,0,0,0,"Elaboracion propia con base en Franco Hanztsch (2023)"
"172","Panama",2004,"Jose Miguel Aleman",0,0,0,0,"Elaboracion propia con base en Franco Hanztsch (2023)"
"173","Panama",2004,"Martin Torrijos",0,0,0,0,"Elaboracion propia con base en Franco Hanztsch (2023)"
"174","Panama",2004,"Ricardo Martinelli",0,0,0,0,"Elaboracion propia con base en Franco Hanztsch (2023)"
"175","Bolivia",2005,"Eliseo Rodriguez",0,0,0,0,"Elaboracion propia con base en Franco Hanztsch (2023)"
"176","Bolivia",2005,"Evo Morales",1,0,1,0,"Elaboracion propia con base en Franco Hanztsch (2023)"
"177","Bolivia",2005,"Felipe Quispe",1,1,1,1,"Elaboracion propia con base en Franco Hanztsch (2023)"
"178","Bolivia",2005,"Gildo Angulo",0,0,0,0,"Elaboracion propia con base en Franco Hanztsch (2023)"
"179","Bolivia",2005,"Jorge Quiroga",0,0,0,0,"Elaboracion propia con base en Franco Hanztsch (2023)"
"180","Bolivia",2005,"Michiaki Nagatani",0,0,0,0,"Elaboracion propia con base en Franco Hanztsch (2023)"
"181","Bolivia",2005,"Nestor Garcia",0,0,0,0,"Elaboracion propia con base en Franco Hanztsch (2023)"
"182","Bolivia",2005,"Samuel Doria Medina",0,0,0,0,"Elaboracion propia con base en Franco Hanztsch (2023)"
"183","Brasil",2006,"Cristovam Buarque",0,0,0,0,"Elaboracion propia con base en Franco Hanztsch (2023)"
"184","Brasil",2006,"Geraldo Alckmin",0,0,0,0,"Elaboracion propia con base en Franco Hanztsch (2023)"
"185","Brasil",2006,"Heloisa Helena",0,0,0,0,"Elaboracion propia con base en Franco Hanztsch (2023)"
"186","Brasil",2006,"Jose Maria Eymael",0,0,0,0,"Elaboracion propia con base en Franco Hanztsch (2023)"
"187","Brasil",2006,"Luciano Bivar",0,0,0,0,"Elaboracion propia con base en Franco Hanztsch (2023)"
"188","Brasil",2006,"Luiz Inacio Lula da Silva",14,1,1,1,"Elaboracion propia con base en Franco Hanztsch (2023)"
"189","Chile",2006,"Joaquin Lavin Infante",1,0,1,0,"Elaboracion propia con base en Franco Hanztsch (2023)"
"190","Chile",2006,"Michelle Bachelet",0,0,0,0,"Elaboracion propia con base en Franco Hanztsch (2023)"
"191","Chile",2006,"Sebastian Pinera",0,0,0,0,"Elaboracion propia con base en Franco Hanztsch (2023)"
"192","Chile",2006,"Tomas Hirsch Goldschmidt",0,0,0,0,"Elaboracion propia con base en Franco Hanztsch (2023)"
"193","Colombia",2006,"Alvaro Leyva",0,0,0,0,"Elaboracion propia con base en Franco Hanztsch (2023)"
"194","Colombia",2006,"Alvaro Uribe Velez",2,0,1,0,"Elaboracion propia con base en Franco Hanztsch (2023)"
"195","Colombia",2006,"Antanas Mockus",0,0,0,0,"Elaboracion propia con base en Franco Hanztsch (2023)"
"196","Colombia",2006,"Carlos Gaviria",0,0,0,0,"Elaboracion propia con base en Franco Hanztsch (2023)"
"197","Colombia",2006,"Enrique Parejo",0,0,0,0,"Elaboracion propia con base en Franco Hanztsch (2023)"
"198","Colombia",2006,"Horacio Serpa",4,0,1,0,"Elaboracion propia con base en Franco Hanztsch (2023)"
"199","Costa Rica",2006,"Abel Pacheco de la Espriella",4,0,1,0,"Elaboracion propia con base en Franco Hanztsch (2023)"
"200","Costa Rica",2006,"Alvaro Montero",0,0,0,0,"Elaboracion propia con base en Franco Hanztsch (2023)"
"201","Costa Rica",2006,"Antonio Alvarez Desanti",0,0,0,0,"Elaboracion propia con base en Franco Hanztsch (2023)"
"202","Costa Rica",2006,"Bolivar Serrano Hidalgo",0,0,0,0,"Elaboracion propia con base en Franco Hanztsch (2023)"
"203","Costa Rica",2006,"Humberto Arce",0,0,0,0,"Elaboracion propia con base en Franco Hanztsch (2023)"
"204","Costa Rica",2006,"Humberto Vargas",0,0,0,0,"Elaboracion propia con base en Franco Hanztsch (2023)"
"205","Costa Rica",2006,"Jose Manuel Echandi",0,0,0,0,"Elaboracion propia con base en Franco Hanztsch (2023)"
"206","Costa Rica",2006,"Jose Miguel Villalobos",0,0,0,0,"Elaboracion propia con base en Franco Hanztsch (2023)"
"207","Costa Rica",2006,"Juan Jose Vargas Fallas",0,0,0,0,"Elaboracion propia con base en Franco Hanztsch (2023)"
"208","Costa Rica",2006,"Oscar Arias",0,0,0,0,"Elaboracion propia con base en Franco Hanztsch (2023)"
"209","Costa Rica",2006,"Otto Guevara",1,0,1,0,"Elaboracion propia con base en Franco Hanztsch (2023)"
"210","Costa Rica",2006,"Otton Solis",1,0,1,0,"Elaboracion propia con base en Franco Hanztsch (2023)"
"211","Costa Rica",2006,"Ricardo Toledo",0,0,0,0,"Elaboracion propia con base en Franco Hanztsch (2023)"
"212","Costa Rica",2006,"Vladimir de la Cruz",0,0,0,0,"Elaboracion propia con base en Franco Hanztsch (2023)"
"213","Costa Rica",2006,"Walter Munoz",1,0,1,0,"Elaboracion propia con base en Franco Hanztsch (2023)"
"214","Ecuador",2006,"Alvaro Noboa",0,0,0,0,"Elaboracion propia con base en Franco Hanztsch (2023)"
"215","Ecuador",2006,"Cynthia Viteri",0,0,0,0,"Elaboracion propia con base en Franco Hanztsch (2023)"
"216","Ecuador",2006,"Fernando Rosero",0,0,0,0,"Elaboracion propia con base en Franco Hanztsch (2023)"
"217","Ecuador",2006,"Leon Roldos",0,0,0,0,"Elaboracion propia con base en Franco Hanztsch (2023)"
"218","Ecuador",2006,"Luis Macas Ambuludi",0,0,0,0,"Elaboracion propia con base en Franco Hanztsch (2023)"
"219","Ecuador",2006,"Rafael Correa",0,0,0,0,"Elaboracion propia con base en Franco Hanztsch (2023)"
"220","Mexico",2006,"Andres Manuel Lopez Obrador",0,0,0,0,"Elaboracion propia con base en Franco Hanztsch (2023)"
"221","Mexico",2006,"Felipe Calderon",0,0,0,0,"Elaboracion propia con base en Franco Hanztsch (2023)"
"222","Mexico",2006,"Patricia Mercado",0,0,0,0,"Elaboracion propia con base en Franco Hanztsch (2023)"
"223","Mexico",2006,"Roberto Campa",0,0,0,0,"Elaboracion propia con base en Franco Hanztsch (2023)"
"224","Mexico",2006,"Roberto Madrazo",0,0,0,0,"Elaboracion propia con base en Franco Hanztsch (2023)"
"225","Nicaragua",2006,"Daniel Ortega",0,0,0,0,"Elaboracion propia con base en Franco Hanztsch (2023)"
"226","Nicaragua",2006,"Eden Pastora",0,0,0,0,"Elaboracion propia con base en Franco Hanztsch (2023)"
"227","Nicaragua",2006,"Edmundo Jarquin",0,0,0,0,"Elaboracion propia con base en Franco Hanztsch (2023)"
"228","Nicaragua",2006,"Eduardo Montealegre",0,0,0,0,"Elaboracion propia con base en Franco Hanztsch (2023)"
"229","Nicaragua",2006,"Jose Rizo",0,0,0,0,"Elaboracion propia con base en Franco Hanztsch (2023)"
"230","Peru",2006,"Alan Garcia Perez",1,0,1,0,"Elaboracion propia con base en Franco Hanztsch (2023)"
"231","Peru",2006,"Ollanta Moises Humala Tasso",0,0,0,0,"Elaboracion propia con base en Franco Hanztsch (2023)"
"232","Guatemala",2007,"Alejandro Giammattei",0,0,0,0,"Elaboracion propia con base en Franco Hanztsch (2023)"
"233","Guatemala",2007,"Alvaro Colom",2,0,1,0,"Elaboracion propia con base en Franco Hanztsch (2023)"
"234","Guatemala",2007,"Eduardo Suger",1,0,1,0,"Elaboracion propia con base en Franco Hanztsch (2023)"
"235","Guatemala",2007,"Otto Perez Molina",0,0,0,0,"Elaboracion propia con base en Franco Hanztsch (2023)"
"236","Guatemala",2007,"Rigoberta Menchu",0,0,0,0,"Elaboracion propia con base en Franco Hanztsch (2023)"
"237","Paraguay",2008,"Blanca Ovelar",0,0,0,0,"Elaboracion propia con base en Franco Hanztsch (2023)"
"238","Paraguay",2008,"Fernando Lugo",0,0,0,0,"Elaboracion propia con base en Franco Hanztsch (2023)"
"239","Paraguay",2008,"Lino Oviedo",0,0,0,0,"Elaboracion propia con base en Franco Hanztsch (2023)"
"240","Paraguay",2008,"Pedro Fadul",1,0,1,0,"Elaboracion propia con base en Franco Hanztsch (2023)"
"241","Panama",2009,"Balbina Herrera",0,0,0,0,"Elaboracion propia con base en Franco Hanztsch (2023)"
"242","Panama",2009,"Guillermo Endara",3,1,1,1,"Elaboracion propia con base en Franco Hanztsch (2023)"
"243","Panama",2009,"Ricardo Martinelli",4,0,1,0,"Elaboracion propia con base en Franco Hanztsch (2023)"
"244","Uruguay",2009,"Jose Mujica",0,0,0,0,"Elaboracion propia con base en Franco Hanztsch (2023)"
"245","Uruguay",2009,"Luis Alberto Lacalle Herrera",1,0,1,0,"Elaboracion propia con base en Franco Hanztsch (2023)"
"246","Uruguay",2009,"Pablo Mieres",0,0,0,0,"Elaboracion propia con base en Franco Hanztsch (2023)"
"247","Uruguay",2009,"Pedro Bordaberry",0,0,0,0,"Elaboracion propia con base en Franco Hanztsch (2023)"
"248","Uruguay",2009,"Raul Rodriguez",0,0,0,0,"Elaboracion propia con base en Franco Hanztsch (2023)"
"249","Brasil",2010,"Dilma Rousseff",0,0,0,0,"Elaboracion propia con base en Franco Hanztsch (2023)"
"250","Brasil",2010,"Jose Serra",4,0,1,0,"Elaboracion propia con base en Franco Hanztsch (2023)"
"251","Brasil",2010,"Marina Silva",0,0,0,0,"Elaboracion propia con base en Franco Hanztsch (2023)"
"252","Brasil",2010,"Plinio Sampaio",0,0,0,0,"Elaboracion propia con base en Franco Hanztsch (2023)"
"253","Chile",2010,"Eduardo Frei Ruiz-Tagle",1,0,1,0,"Elaboracion propia con base en Franco Hanztsch (2023)"
"254","Chile",2010,"Jorge Arrate Mac Niven",0,0,0,0,"Elaboracion propia con base en Franco Hanztsch (2023)"
"255","Chile",2010,"Marco Enriquez-Ominami",0,0,0,0,"Elaboracion propia con base en Franco Hanztsch (2023)"
"256","Chile",2010,"Sebastian Pinera",5,0,1,0,"Elaboracion propia con base en Franco Hanztsch (2023)"
"257","Colombia",2010,"Antanas Mockus",4,0,1,0,"Elaboracion propia con base en Franco Hanztsch (2023)"
"258","Colombia",2010,"German Vargas Lleras",0,0,0,0,"Elaboracion propia con base en Franco Hanztsch (2023)"
"259","Colombia",2010,"Gustavo Petro",0,0,0,0,"Elaboracion propia con base en Franco Hanztsch (2023)"
"260","Colombia",2010,"Juan Manuel Santos",0,0,0,0,"Elaboracion propia con base en Franco Hanztsch (2023)"
"261","Colombia",2010,"Noemi Sanin",2,0,1,0,"Elaboracion propia con base en Franco Hanztsch (2023)"
"262","Colombia",2010,"Rafael Pardo",0,0,0,0,"Elaboracion propia con base en Franco Hanztsch (2023)"
"263","Colombia",2010,"Sergio Fajardo",0,0,0,0,"Elaboracion propia con base en Franco Hanztsch (2023)"
"264","Costa Rica",2010,"Eugenio Trejos",0,0,0,0,"Elaboracion propia con base en Franco Hanztsch (2023)"
"265","Costa Rica",2010,"Laura Chinchilla",0,0,0,0,"Elaboracion propia con base en Franco Hanztsch (2023)"
"266","Costa Rica",2010,"Luis Fishman",0,0,0,0,"Elaboracion propia con base en Franco Hanztsch (2023)"
"267","Costa Rica",2010,"Mayra Gonzalez",0,0,0,0,"Elaboracion propia con base en Franco Hanztsch (2023)"
"268","Costa Rica",2010,"Oscar Lopez",0,0,0,0,"Elaboracion propia con base en Franco Hanztsch (2023)"
"269","Costa Rica",2010,"Otto Guevara",3,0,1,0,"Elaboracion propia con base en Franco Hanztsch (2023)"
"270","Costa Rica",2010,"Otton Solis",3,0,1,0,"Elaboracion propia con base en Franco Hanztsch (2023)"
"271","Costa Rica",2010,"Rolando Araya",4,0,1,0,"Elaboracion propia con base en Franco Hanztsch (2023)"
"272","Costa Rica",2010,"Walter Munoz",3,0,1,0,"Elaboracion propia con base en Franco Hanztsch (2023)"
"273","Guatemala",2011,"Adela de Torre",0,0,0,0,"Elaboracion propia con base en Franco Hanztsch (2023)"
"274","Guatemala",2011,"Alejandro Giammattei",1,0,1,0,"Elaboracion propia con base en Franco Hanztsch (2023)"
"275","Guatemala",2011,"Eduardo Suger",2,0,1,0,"Elaboracion propia con base en Franco Hanztsch (2023)"
"276","Guatemala",2011,"Harold Caballeros",0,0,0,0,"Elaboracion propia con base en Franco Hanztsch (2023)"
"277","Guatemala",2011,"Juan Gutierrez",0,0,0,0,"Elaboracion propia con base en Franco Hanztsch (2023)"
"278","Guatemala",2011,"Manuel Baldizon",0,0,0,0,"Elaboracion propia con base en Franco Hanztsch (2023)"
"279","Guatemala",2011,"Mario Estrada",0,0,0,0,"Elaboracion propia con base en Franco Hanztsch (2023)"
"280","Guatemala",2011,"Otto Perez Molina",1,0,1,0,"Elaboracion propia con base en Franco Hanztsch (2023)"
"281","Guatemala",2011,"Patricia de Arzu",0,0,0,0,"Elaboracion propia con base en Franco Hanztsch (2023)"
"282","Guatemala",2011,"Rigoberta Menchu",1,0,1,0,"Elaboracion propia con base en Franco Hanztsch (2023)"
"283","Guatemala",2011,"Sandra Torres",0,0,0,0,"Elaboracion propia con base en Franco Hanztsch (2023)"
"284","Peru",2011,"Alejandro Toledo Manrique",1,0,1,0,"Elaboracion propia con base en Franco Hanztsch (2023)"
"285","Peru",2011,"Humberto Pinazo Bella",0,0,0,0,"Elaboracion propia con base en Franco Hanztsch (2023)"
"286","Peru",2011,"Jose Manuel Rodriguez Cuadros",0,0,0,0,"Elaboracion propia con base en Franco Hanztsch (2023)"
"287","Peru",2011,"Jose Nique de la Puente",0,0,0,0,"Elaboracion propia con base en Franco Hanztsch (2023)"
"288","Peru",2011,"Juliana Reymer Rodriguez",0,0,0,0,"Elaboracion propia con base en Franco Hanztsch (2023)"
"289","Peru",2011,"Keiko Fujimori Higuchi",0,0,0,0,"Elaboracion propia con base en Franco Hanztsch (2023)"
"290","Peru",2011,"Ollanta Moises Humala Tasso",1,0,1,0,"Elaboracion propia con base en Franco Hanztsch (2023)"
"291","Peru",2011,"Oscar Luis Castaneda Lossio",0,0,0,0,"Elaboracion propia con base en Franco Hanztsch (2023)"
"292","Peru",2011,"Pedro Pablo Kuczynski",0,0,0,0,"Elaboracion propia con base en Franco Hanztsch (2023)"
"293","Peru",2011,"Rafael Belaunde Aubry",0,0,0,0,"Elaboracion propia con base en Franco Hanztsch (2023)"
"294","Peru",2011,"Ricardo Noriega Salaverry",0,0,0,0,"Elaboracion propia con base en Franco Hanztsch (2023)"
"295","Mexico",2012,"Andres Manuel Lopez Obrador",1,1,1,1,"Elaboracion propia con base en Franco Hanztsch (2023)"
"296","Mexico",2012,"Enrique Pena Nieto",0,0,0,0,"Elaboracion propia con base en Franco Hanztsch (2023)"
"297","Mexico",2012,"Gabriel Quadri",0,0,0,0,"Elaboracion propia con base en Franco Hanztsch (2023)"
"298","Mexico",2012,"Josefina Vazquez Mota",0,0,0,0,"Elaboracion propia con base en Franco Hanztsch (2023)"
"299","Chile",2013,"Alfredo Sfeir",0,0,0,0,"Elaboracion propia con base en Franco Hanztsch (2023)"
"300","Chile",2013,"Evelyn Matthei",0,0,0,0,"Elaboracion propia con base en Franco Hanztsch (2023)"
"301","Chile",2013,"Franco Parisi",0,0,0,0,"Elaboracion propia con base en Franco Hanztsch (2023)"
"302","Chile",2013,"Marcel Claude",0,0,0,0,"Elaboracion propia con base en Franco Hanztsch (2023)"
"303","Chile",2013,"Marco Enriquez-Ominami",7,0,1,0,"Elaboracion propia con base en Franco Hanztsch (2023)"
"304","Chile",2013,"Michelle Bachelet",5,0,1,0,"Elaboracion propia con base en Franco Hanztsch (2023)"
"305","Chile",2013,"Ricardo Israel",0,0,0,0,"Elaboracion propia con base en Franco Hanztsch (2023)"
"306","Chile",2013,"Roxana Miranda",0,0,0,0,"Elaboracion propia con base en Franco Hanztsch (2023)"
"307","Chile",2013,"Tomas Jocelyn-Holt",0,0,0,0,"Elaboracion propia con base en Franco Hanztsch (2023)"
"308","Ecuador",2013,"Alberto Acosta",0,0,0,0,"Elaboracion propia con base en Franco Hanztsch (2023)"
"309","Ecuador",2013,"Alvaro Noboa",2,0,1,0,"Elaboracion propia con base en Franco Hanztsch (2023)"
"310","Ecuador",2013,"Guillermo Lasso",0,0,0,0,"Elaboracion propia con base en Franco Hanztsch (2023)"
"311","Ecuador",2013,"Lucio Gutierrez",0,0,0,0,"Elaboracion propia con base en Franco Hanztsch (2023)"
"312","Ecuador",2013,"Mauricio Rodas",0,0,0,0,"Elaboracion propia con base en Franco Hanztsch (2023)"
"313","Ecuador",2013,"Nelson Zavala",0,0,0,0,"Elaboracion propia con base en Franco Hanztsch (2023)"
"314","Ecuador",2013,"Norman Wray",0,0,0,0,"Elaboracion propia con base en Franco Hanztsch (2023)"
"315","Ecuador",2013,"Rafael Correa",2,0,1,0,"Elaboracion propia con base en Franco Hanztsch (2023)"
"316","Honduras",2013,"Andres Pavon Murillo",0,0,0,0,"Elaboracion propia con base en Franco Hanztsch (2023)"
"317","Honduras",2013,"Iris Xiomara Castro de Zelaya",0,0,0,0,"Elaboracion propia con base en Franco Hanztsch (2023)"
"318","Honduras",2013,"Jorge Rafael Aguilar",0,0,0,0,"Elaboracion propia con base en Franco Hanztsch (2023)"
"319","Honduras",2013,"Juan Orlando Hernandez",0,0,0,0,"Elaboracion propia con base en Franco Hanztsch (2023)"
"320","Honduras",2013,"Mauricio Villeda Bermudez",0,0,0,0,"Elaboracion propia con base en Franco Hanztsch (2023)"
"321","Honduras",2013,"Orle Anibal Solis",0,0,0,0,"Elaboracion propia con base en Franco Hanztsch (2023)"
"322","Honduras",2013,"Romeo Vasquez Velasquez",0,0,0,0,"Elaboracion propia con base en Franco Hanztsch (2023)"
"323","Honduras",2013,"Salvador Nasralla",0,0,0,0,"Elaboracion propia con base en Franco Hanztsch (2023)"
"324","Paraguay",2013,"Anibal Carrillo",0,0,0,0,"Elaboracion propia con base en Franco Hanztsch (2023)"
"325","Paraguay",2013,"Efrain Alegre",0,0,0,0,"Elaboracion propia con base en Franco Hanztsch (2023)"
"326","Paraguay",2013,"Horacio Cartes",0,0,0,0,"Elaboracion propia con base en Franco Hanztsch (2023)"
"327","Paraguay",2013,"Lino Oviedo",2,0,1,0,"Elaboracion propia con base en Franco Hanztsch (2023)"
"328","Paraguay",2013,"Mario Ferreiro",0,0,0,0,"Elaboracion propia con base en Franco Hanztsch (2023)"
"329","Paraguay",2013,"Miguel Carrizosa",0,0,0,0,"Elaboracion propia con base en Franco Hanztsch (2023)"
"330","Bolivia",2014,"Evo Morales",1,1,1,1,"Elaboracion propia con base en Franco Hanztsch (2023)"
"331","Bolivia",2014,"Fernando Vargas",0,0,0,0,"Elaboracion propia con base en Franco Hanztsch (2023)"
"332","Bolivia",2014,"Jorge Quiroga",1,0,1,0,"Elaboracion propia con base en Franco Hanztsch (2023)"
"333","Bolivia",2014,"Juan del Granado",0,0,0,0,"Elaboracion propia con base en Franco Hanztsch (2023)"
"334","Bolivia",2014,"Samuel Doria Medina",1,0,1,0,"Elaboracion propia con base en Franco Hanztsch (2023)"
"335","Brasil",2014,"Aecio Neves",0,0,0,0,"Elaboracion propia con base en Franco Hanztsch (2023)"
"336","Brasil",2014,"Dilma Rousseff",10,3,1,1,"Elaboracion propia con base en Franco Hanztsch (2023)"
"337","Brasil",2014,"Eduardo Jorge",0,0,0,0,"Elaboracion propia con base en Franco Hanztsch (2023)"
"338","Brasil",2014,"Jose Maria Eymael",1,0,1,0,"Elaboracion propia con base en Franco Hanztsch (2023)"
"339","Brasil",2014,"Levy Fidelix",0,0,0,0,"Elaboracion propia con base en Franco Hanztsch (2023)"
"340","Brasil",2014,"Luciana Genro",0,0,0,0,"Elaboracion propia con base en Franco Hanztsch (2023)"
"341","Brasil",2014,"Marina Silva",9,0,1,0,"Elaboracion propia con base en Franco Hanztsch (2023)"
"342","Brasil",2014,"Pastor Everaldo",0,0,0,0,"Elaboracion propia con base en Franco Hanztsch (2023)"
"343","Colombia",2014,"Clara Lopez",0,0,0,0,"Elaboracion propia con base en Franco Hanztsch (2023)"
"344","Colombia",2014,"Enrique Penalosa",0,0,0,0,"Elaboracion propia con base en Franco Hanztsch (2023)"
"345","Colombia",2014,"Juan Manuel Santos",7,0,1,0,"Elaboracion propia con base en Franco Hanztsch (2023)"
"346","Colombia",2014,"Marta Lucia Ramirez",0,0,0,0,"Elaboracion propia con base en Franco Hanztsch (2023)"
"347","Colombia",2014,"Oscar Ivan Zuluaga",0,0,0,0,"Elaboracion propia con base en Franco Hanztsch (2023)"
"348","Costa Rica",2014,"Carlos Avendano",0,0,0,0,"Elaboracion propia con base en Franco Hanztsch (2023)"
"349","Costa Rica",2014,"Hector Monestel Herrera",0,0,0,0,"Elaboracion propia con base en Franco Hanztsch (2023)"
"350","Costa Rica",2014,"Johnny Araya Monge",0,0,0,0,"Elaboracion propia con base en Franco Hanztsch (2023)"
"351","Costa Rica",2014,"Jose Manuel Echandi",2,0,1,0,"Elaboracion propia con base en Franco Hanztsch (2023)"
"352","Costa Rica",2014,"Jose Maria Villalta",0,0,0,0,"Elaboracion propia con base en Franco Hanztsch (2023)"
"353","Costa Rica",2014,"Jose Miguel Corrales Bolanos",2,0,1,0,"Elaboracion propia con base en Franco Hanztsch (2023)"
"354","Costa Rica",2014,"Justo Orozco",0,0,0,0,"Elaboracion propia con base en Franco Hanztsch (2023)"
"355","Costa Rica",2014,"Luis Guillermo Solis",0,0,0,0,"Elaboracion propia con base en Franco Hanztsch (2023)"
"356","Costa Rica",2014,"Oscar Lopez",2,0,1,0,"Elaboracion propia con base en Franco Hanztsch (2023)"
"357","Costa Rica",2014,"Otto Guevara",7,0,1,0,"Elaboracion propia con base en Franco Hanztsch (2023)"
"358","Costa Rica",2014,"Rodolfo Piza",0,0,0,0,"Elaboracion propia con base en Franco Hanztsch (2023)"
"359","Costa Rica",2014,"Sergio Mena",0,0,0,0,"Elaboracion propia con base en Franco Hanztsch (2023)"
"360","Costa Rica",2014,"Walter Munoz",4,0,1,0,"Elaboracion propia con base en Franco Hanztsch (2023)"
"361","El Salvador",2014,"Elias Antonio Saca",0,0,0,0,"Elaboracion propia con base en Franco Hanztsch (2023)"
"362","El Salvador",2014,"Norman Quijano",0,0,0,0,"Elaboracion propia con base en Franco Hanztsch (2023)"
"363","El Salvador",2014,"Oscar Lemu",0,0,0,0,"Elaboracion propia con base en Franco Hanztsch (2023)"
"364","El Salvador",2014,"Rene Rodriguez Hurtado",0,0,0,0,"Elaboracion propia con base en Franco Hanztsch (2023)"
"365","El Salvador",2014,"Salvador Sanchez Ceren",0,0,0,0,"Elaboracion propia con base en Franco Hanztsch (2023)"
"366","Panama",2014,"Esteban Rodriguez",0,0,0,0,"Elaboracion propia con base en Franco Hanztsch (2023)"
"367","Panama",2014,"Genaro Lopez",0,0,0,0,"Elaboracion propia con base en Franco Hanztsch (2023)"
"368","Panama",2014,"Gerardo Barroso",0,0,0,0,"Elaboracion propia con base en Franco Hanztsch (2023)"
"369","Panama",2014,"Jose Domingo Arias",0,0,0,0,"Elaboracion propia con base en Franco Hanztsch (2023)"
"370","Panama",2014,"Juan Carlos Navarro",0,0,0,0,"Elaboracion propia con base en Franco Hanztsch (2023)"
"371","Panama",2014,"Juan Carlos Varela",0,0,0,0,"Elaboracion propia con base en Franco Hanztsch (2023)"
"372","Panama",2014,"Juan Jovane",0,0,0,0,"Elaboracion propia con base en Franco Hanztsch (2023)"
"373","Uruguay",2014,"Cesar Vega",0,0,0,0,"Elaboracion propia con base en Franco Hanztsch (2023)"
"374","Uruguay",2014,"Gonzalo Abella",0,0,0,0,"Elaboracion propia con base en Franco Hanztsch (2023)"
"375","Uruguay",2014,"Luis Alberto Lacalle Pou",0,0,0,0,"Elaboracion propia con base en Franco Hanztsch (2023)"
"376","Uruguay",2014,"Pablo Mieres",1,0,1,0,"Elaboracion propia con base en Franco Hanztsch (2023)"
"377","Uruguay",2014,"Pedro Bordaberry",1,0,1,0,"Elaboracion propia con base en Franco Hanztsch (2023)"
"378","Uruguay",2014,"Rafael Fernandez",0,0,0,0,"Elaboracion propia con base en Franco Hanztsch (2023)"
"379","Uruguay",2014,"Tabare Vazquez",2,0,1,0,"Elaboracion propia con base en Franco Hanztsch (2023)"
"380","Argentina",2015,"Adolfo Rodriguez Saa",0,0,0,0,"Elaboracion propia con base en Franco Hanztsch (2023)"
"381","Argentina",2015,"Daniel Scioli",0,0,0,0,"Elaboracion propia con base en Franco Hanztsch (2023)"
"382","Argentina",2015,"Margarita Stolbizer",0,0,0,0,"Elaboracion propia con base en Franco Hanztsch (2023)"
"383","Argentina",2015,"Mauricio Macri",0,0,0,0,"Elaboracion propia con base en Franco Hanztsch (2023)"
"384","Argentina",2015,"Nicolas del Cano",0,0,0,0,"Elaboracion propia con base en Franco Hanztsch (2023)"
"385","Argentina",2015,"Sergio Massa",0,0,0,0,"Elaboracion propia con base en Franco Hanztsch (2023)"
"386","Guatemala",2015,"Alejandro Giammattei",2,0,1,0,"Elaboracion propia con base en Franco Hanztsch (2023)"
"387","Guatemala",2015,"Anibal Garcia",0,0,0,0,"Elaboracion propia con base en Franco Hanztsch (2023)"
"388","Guatemala",2015,"Jimmy Morales",0,0,0,0,"Elaboracion propia con base en Franco Hanztsch (2023)"
"389","Guatemala",2015,"Jose Angel Lopez",0,0,0,0,"Elaboracion propia con base en Franco Hanztsch (2023)"
"390","Guatemala",2015,"Juan Gutierrez",1,0,1,0,"Elaboracion propia con base en Franco Hanztsch (2023)"
"391","Guatemala",2015,"Lizardo Sosa",0,0,0,0,"Elaboracion propia con base en Franco Hanztsch (2023)"
"392","Guatemala",2015,"Luis Fernando Perez",0,0,0,0,"Elaboracion propia con base en Franco Hanztsch (2023)"
"393","Guatemala",2015,"Manuel Baldizon",6,0,1,0,"Elaboracion propia con base en Franco Hanztsch (2023)"
"394","Guatemala",2015,"Mario David Garcia",0,0,0,0,"Elaboracion propia con base en Franco Hanztsch (2023)"
"395","Guatemala",2015,"Mario Estrada",0,1,0,1,"Elaboracion propia con base en Franco Hanztsch (2023)"
"396","Guatemala",2015,"Miguel Angel Sandoval",0,0,0,0,"Elaboracion propia con base en Franco Hanztsch (2023)"
"397","Guatemala",2015,"Roberto Gonzalez",0,0,0,0,"Elaboracion propia con base en Franco Hanztsch (2023)"
"398","Guatemala",2015,"Sandra Torres",2,1,1,1,"Elaboracion propia con base en Franco Hanztsch (2023)"
"399","Guatemala",2015,"Zury Rios",0,0,0,0,"Elaboracion propia con base en Franco Hanztsch (2023)"
"400","Peru",2016,"Alan Garcia Perez",2,0,1,0,"Elaboracion propia con base en Franco Hanztsch (2023)"
"401","Peru",2016,"Alejandro Toledo Manrique",4,0,1,0,"Elaboracion propia con base en Franco Hanztsch (2023)"
"402","Peru",2016,"Alfredo Barnechea",0,0,0,0,"Elaboracion propia con base en Franco Hanztsch (2023)"
"403","Peru",2016,"Antero Flores Araoz",0,0,0,0,"Elaboracion propia con base en Franco Hanztsch (2023)"
"404","Peru",2016,"Cesar Acuna",0,0,0,0,"Elaboracion propia con base en Franco Hanztsch (2023)"
"405","Peru",2016,"Daniel Urresti",0,0,0,0,"Elaboracion propia con base en Franco Hanztsch (2023)"
"406","Peru",2016,"Fernando Olivera",0,0,0,0,"Elaboracion propia con base en Franco Hanztsch (2023)"
"407","Peru",2016,"Francisco Diez Canseco",0,0,0,0,"Elaboracion propia con base en Franco Hanztsch (2023)"
"408","Peru",2016,"Gregorio Santos Guerrero",0,0,0,0,"Elaboracion propia con base en Franco Hanztsch (2023)"
"409","Peru",2016,"Hernando Guerra Garcia",0,0,0,0,"Elaboracion propia con base en Franco Hanztsch (2023)"
"410","Peru",2016,"Julio Guzman",0,0,0,0,"Elaboracion propia con base en Franco Hanztsch (2023)"
"411","Peru",2016,"Keiko Fujimori Higuchi",4,0,1,0,"Elaboracion propia con base en Franco Hanztsch (2023)"
"412","Peru",2016,"Miguel Hilario",0,0,0,0,"Elaboracion propia con base en Franco Hanztsch (2023)"
"413","Peru",2016,"Pedro Pablo Kuczynski",3,0,1,0,"Elaboracion propia con base en Franco Hanztsch (2023)"
"414","Peru",2016,"Renzo Reggiardo",0,0,0,0,"Elaboracion propia con base en Franco Hanztsch (2023)"
"415","Peru",2016,"Veronika Mendoza",0,0,0,0,"Elaboracion propia con base en Franco Hanztsch (2023)"
"416","Peru",2016,"Vladimir Cerron",0,0,0,0,"Elaboracion propia con base en Franco Hanztsch (2023)"
"417","Peru",2016,"Yehude Simon",0,0,0,0,"Elaboracion propia con base en Franco Hanztsch (2023)"
"418","Republica Dominicana",2016,"Danilo Medina",0,0,0,0,"Elaboracion propia con base en Franco Hanztsch (2023)"
"419","Republica Dominicana",2016,"Elias Wessin Chavez",0,0,0,0,"Elaboracion propia con base en Franco Hanztsch (2023)"
"420","Republica Dominicana",2016,"Guillermo Moreno",0,0,0,0,"Elaboracion propia con base en Franco Hanztsch (2023)"
"421","Republica Dominicana",2016,"Hatuey De Camps",0,0,0,0,"Elaboracion propia con base en Franco Hanztsch (2023)"
"422","Republica Dominicana",2016,"Luis Rodolfo Abinader",0,0,0,0,"Elaboracion propia con base en Franco Hanztsch (2023)"
"423","Republica Dominicana",2016,"Minerva Tavarez Mirabal",0,0,0,0,"Elaboracion propia con base en Franco Hanztsch (2023)"
"424","Republica Dominicana",2016,"Pelegrin Castillo",0,0,0,0,"Elaboracion propia con base en Franco Hanztsch (2023)"
"425","Republica Dominicana",2016,"Soraya Aquino",0,0,0,0,"Elaboracion propia con base en Franco Hanztsch (2023)"
"426","Chile",2017,"Alejandro Guillier",0,0,0,0,"Elaboracion propia con base en Franco Hanztsch (2023)"
"427","Chile",2017,"Alejandro Navarro",0,0,0,0,"Elaboracion propia con base en Franco Hanztsch (2023)"
"428","Chile",2017,"Beatriz Sanchez",0,0,0,0,"Elaboracion propia con base en Franco Hanztsch (2023)"
"429","Chile",2017,"Carolina Goic",0,0,0,0,"Elaboracion propia con base en Franco Hanztsch (2023)"
"430","Chile",2017,"Eduardo Artes",0,0,0,0,"Elaboracion propia con base en Franco Hanztsch (2023)"
"431","Chile",2017,"Jose Antonio Kast",0,0,0,0,"Elaboracion propia con base en Franco Hanztsch (2023)"
"432","Chile",2017,"Marco Enriquez-Ominami",11,0,1,0,"Elaboracion propia con base en Franco Hanztsch (2023)"
"433","Chile",2017,"Sebastian Pinera",13,0,1,0,"Elaboracion propia con base en Franco Hanztsch (2023)"
"434","Ecuador",2017,"Abdala Bucaram",0,0,0,0,"Elaboracion propia con base en Franco Hanztsch (2023)"
"435","Ecuador",2017,"Cynthia Viteri",2,0,1,0,"Elaboracion propia con base en Franco Hanztsch (2023)"
"436","Ecuador",2017,"Guillermo Lasso",1,0,1,0,"Elaboracion propia con base en Franco Hanztsch (2023)"
"437","Ecuador",2017,"Ivan Espinel",0,0,0,0,"Elaboracion propia con base en Franco Hanztsch (2023)"
"438","Ecuador",2017,"Lenin Moreno",0,0,0,0,"Elaboracion propia con base en Franco Hanztsch (2023)"
"439","Ecuador",2017,"Paco Moncayo",0,0,0,0,"Elaboracion propia con base en Franco Hanztsch (2023)"
"440","Ecuador",2017,"Patricio Zuquilanda",0,0,0,0,"Elaboracion propia con base en Franco Hanztsch (2023)"
"441","Ecuador",2017,"Washington Pesantes",0,0,0,0,"Elaboracion propia con base en Franco Hanztsch (2023)"
"442","Honduras",2017,"Eliseo Vallecillo Reyes",0,0,0,0,"Elaboracion propia con base en Franco Hanztsch (2023)"
"443","Honduras",2017,"Isaias Fonseca Aguilar",0,0,0,0,"Elaboracion propia con base en Franco Hanztsch (2023)"
"444","Honduras",2017,"Jose Alfonso Diaz Narvaez",0,0,0,0,"Elaboracion propia con base en Franco Hanztsch (2023)"
"445","Honduras",2017,"Juan Orlando Hernandez",1,0,1,0,"Elaboracion propia con base en Franco Hanztsch (2023)"
"446","Honduras",2017,"Lucas Evangelisto Aguilera",0,0,0,0,"Elaboracion propia con base en Franco Hanztsch (2023)"
"447","Honduras",2017,"Luis Orlando Zelaya",0,0,0,0,"Elaboracion propia con base en Franco Hanztsch (2023)"
"448","Honduras",2017,"Marlene Alvarenga",0,0,0,0,"Elaboracion propia con base en Franco Hanztsch (2023)"
"449","Honduras",2017,"Romeo Vasquez Velasquez",1,0,1,0,"Elaboracion propia con base en Franco Hanztsch (2023)"
"450","Honduras",2017,"Salvador Nasralla",1,0,1,0,"Elaboracion propia con base en Franco Hanztsch (2023)"
"451","Brasil",2018,"Alvaro Dias",0,0,0,0,"Elaboracion propia con base en Franco Hanztsch (2023)"
"452","Brasil",2018,"Cabo Daciolo",0,0,0,0,"Elaboracion propia con base en Franco Hanztsch (2023)"
"453","Brasil",2018,"Ciro Gomes",3,0,1,0,"Elaboracion propia con base en Franco Hanztsch (2023)"
"454","Brasil",2018,"Fernando Haddad",0,0,0,0,"Elaboracion propia con base en Franco Hanztsch (2023)"
"455","Brasil",2018,"Geraldo Alckmin",6,0,1,0,"Elaboracion propia con base en Franco Hanztsch (2023)"
"456","Brasil",2018,"Guilherme Boulos",0,0,0,0,"Elaboracion propia con base en Franco Hanztsch (2023)"
"457","Brasil",2018,"Henrique Meirelles",0,0,0,0,"Elaboracion propia con base en Franco Hanztsch (2023)"
"458","Brasil",2018,"Jair Bolsonaro",0,0,0,0,"Elaboracion propia con base en Franco Hanztsch (2023)"
"459","Brasil",2018,"Luiz Inacio Lula da Silva",18,3,1,1,"Elaboracion propia con base en Franco Hanztsch (2023)"
"460","Brasil",2018,"Marina Silva",14,0,1,0,"Elaboracion propia con base en Franco Hanztsch (2023)"
"461","Colombia",2018,"German Vargas Lleras",5,0,1,0,"Elaboracion propia con base en Franco Hanztsch (2023)"
"462","Colombia",2018,"Gustavo Petro",5,0,1,0,"Elaboracion propia con base en Franco Hanztsch (2023)"
"463","Colombia",2018,"Humberto de la Calle",0,0,0,0,"Elaboracion propia con base en Franco Hanztsch (2023)"
"464","Colombia",2018,"Ivan Duque",0,0,0,0,"Elaboracion propia con base en Franco Hanztsch (2023)"
"465","Colombia",2018,"Jorge Antonio Trujillo",0,0,0,0,"Elaboracion propia con base en Franco Hanztsch (2023)"
"466","Colombia",2018,"Sergio Fajardo",1,0,1,0,"Elaboracion propia con base en Franco Hanztsch (2023)"
"467","Colombia",2018,"Viviane Morales",0,0,0,0,"Elaboracion propia con base en Franco Hanztsch (2023)"
"468","Costa Rica",2018,"Antonio Alvarez Desanti",2,0,1,0,"Elaboracion propia con base en Franco Hanztsch (2023)"
"469","Costa Rica",2018,"Carlos Alvarado Quesada",0,0,0,0,"Elaboracion propia con base en Franco Hanztsch (2023)"
"470","Costa Rica",2018,"Edgardo Araya",0,0,0,0,"Elaboracion propia con base en Franco Hanztsch (2023)"
"471","Costa Rica",2018,"Fabricio Alvarado Munoz",0,0,0,0,"Elaboracion propia con base en Franco Hanztsch (2023)"
"472","Costa Rica",2018,"Jhon Vega",0,0,0,0,"Elaboracion propia con base en Franco Hanztsch (2023)"
"473","Costa Rica",2018,"Juan Diego Castro",0,0,0,0,"Elaboracion propia con base en Franco Hanztsch (2023)"
"474","Costa Rica",2018,"Mario Redondo Poveda",0,0,0,0,"Elaboracion propia con base en Franco Hanztsch (2023)"
"475","Costa Rica",2018,"Oscar Lopez",5,1,1,1,"Elaboracion propia con base en Franco Hanztsch (2023)"
"476","Costa Rica",2018,"Otto Guevara",16,1,1,1,"Elaboracion propia con base en Franco Hanztsch (2023)"
"477","Costa Rica",2018,"Rodolfo Hernandez",0,0,0,0,"Elaboracion propia con base en Franco Hanztsch (2023)"
"478","Costa Rica",2018,"Rodolfo Piza",8,1,1,1,"Elaboracion propia con base en Franco Hanztsch (2023)"
"479","Costa Rica",2018,"Sergio Mena",5,0,1,0,"Elaboracion propia con base en Franco Hanztsch (2023)"
"480","Costa Rica",2018,"Stephanie Campos",0,0,0,0,"Elaboracion propia con base en Franco Hanztsch (2023)"
"481","Mexico",2018,"Andres Manuel Lopez Obrador",4,1,1,1,"Elaboracion propia con base en Franco Hanztsch (2023)"
"482","Mexico",2018,"Jaime Rodriguez Calderon",0,0,0,0,"Elaboracion propia con base en Franco Hanztsch (2023)"
"483","Mexico",2018,"Jose Antonio Meade Kuribrena",0,0,0,0,"Elaboracion propia con base en Franco Hanztsch (2023)"
"484","Mexico",2018,"Margarita Zavala",0,0,0,0,"Elaboracion propia con base en Franco Hanztsch (2023)"
"485","Mexico",2018,"Ricardo Anaya Cortes",0,0,0,0,"Elaboracion propia con base en Franco Hanztsch (2023)"
"486","Paraguay",2018,"Efrain Alegre",4,0,1,0,"Elaboracion propia con base en Franco Hanztsch (2023)"
"487","Paraguay",2018,"Mario Abdo Benitez",0,0,0,0,"Elaboracion propia con base en Franco Hanztsch (2023)"
"488","Argentina",2019,"Alberto Fernandez",0,0,0,0,"Elaboracion propia con base en Franco Hanztsch (2023)"
"489","Argentina",2019,"Jose Luis Espert",0,0,0,0,"Elaboracion propia con base en Franco Hanztsch (2023)"
"490","Argentina",2019,"Juan Jose Gomez Centurion",0,0,0,0,"Elaboracion propia con base en Franco Hanztsch (2023)"
"491","Argentina",2019,"Mauricio Macri",2,0,1,0,"Elaboracion propia con base en Franco Hanztsch (2023)"
"492","Argentina",2019,"Nicolas del Cano",1,0,1,0,"Elaboracion propia con base en Franco Hanztsch (2023)"
"493","Argentina",2019,"Roberto Lavagna",0,0,0,0,"Elaboracion propia con base en Franco Hanztsch (2023)"
"494","El Salvador",2019,"Carlos Calleja",0,0,0,0,"Elaboracion propia con base en Franco Hanztsch (2023)"
"495","El Salvador",2019,"Hugo Martinez",0,0,0,0,"Elaboracion propia con base en Franco Hanztsch (2023)"
"496","El Salvador",2019,"Josue Alvarado",0,0,0,0,"Elaboracion propia con base en Franco Hanztsch (2023)"
"497","El Salvador",2019,"Nayib Bukele",0,0,0,0,"Elaboracion propia con base en Franco Hanztsch (2023)"
"498","Guatemala",2019,"Alejandro Giammattei",5,0,1,0,"Elaboracion propia con base en Franco Hanztsch (2023)"
"499","Guatemala",2019,"Amilcar Rivera",0,0,0,0,"Elaboracion propia con base en Franco Hanztsch (2023)"
"500","Guatemala",2019,"Anibal Garcia",2,0,1,0,"Elaboracion propia con base en Franco Hanztsch (2023)"
"501","Guatemala",2019,"Benito Morales",0,0,0,0,"Elaboracion propia con base en Franco Hanztsch (2023)"
"502","Guatemala",2019,"Danilo Roca",0,0,0,0,"Elaboracion propia con base en Franco Hanztsch (2023)"
"503","Guatemala",2019,"Edmond Mulet",0,0,0,0,"Elaboracion propia con base en Franco Hanztsch (2023)"
"504","Guatemala",2019,"Edwin Escobar",0,0,0,0,"Elaboracion propia con base en Franco Hanztsch (2023)"
"505","Guatemala",2019,"Estuardo Galdamez",0,0,0,0,"Elaboracion propia con base en Franco Hanztsch (2023)"
"506","Guatemala",2019,"Fredy Cabrera",0,0,0,0,"Elaboracion propia con base en Franco Hanztsch (2023)"
"507","Guatemala",2019,"Hector Estrada",0,0,0,0,"Elaboracion propia con base en Franco Hanztsch (2023)"
"508","Guatemala",2019,"Isaac Farchi",0,0,0,0,"Elaboracion propia con base en Franco Hanztsch (2023)"
"509","Guatemala",2019,"Jose Luis Chea Urruela",0,0,0,0,"Elaboracion propia con base en Franco Hanztsch (2023)"
"510","Guatemala",2019,"Luis Velasquez",0,0,0,0,"Elaboracion propia con base en Franco Hanztsch (2023)"
"511","Guatemala",2019,"Manfredo Marroquin",0,0,0,0,"Elaboracion propia con base en Franco Hanztsch (2023)"
"512","Guatemala",2019,"Manuel Villacorta",0,0,0,0,"Elaboracion propia con base en Franco Hanztsch (2023)"
"513","Guatemala",2019,"Pablo Duarte",0,0,0,0,"Elaboracion propia con base en Franco Hanztsch (2023)"
"514","Guatemala",2019,"Pablo Ignacio Ceto",0,0,0,0,"Elaboracion propia con base en Franco Hanztsch (2023)"
"515","Guatemala",2019,"Roberto Arzu",0,0,0,0,"Elaboracion propia con base en Franco Hanztsch (2023)"
"516","Guatemala",2019,"Sandra Torres",8,2,1,1,"Elaboracion propia con base en Franco Hanztsch (2023)"
"517","Guatemala",2019,"Zury Rios",3,0,1,0,"Elaboracion propia con base en Franco Hanztsch (2023)"
"518","Panama",2019,"Ana Matilde Gomez",0,0,0,0,"Elaboracion propia con base en Franco Hanztsch (2023)"
"519","Panama",2019,"Jose Isabel Blandon",0,0,0,0,"Elaboracion propia con base en Franco Hanztsch (2023)"
"520","Panama",2019,"Laurentino Cortizo",0,0,0,0,"Elaboracion propia con base en Franco Hanztsch (2023)"
"521","Panama",2019,"Marco Ameglio",0,0,0,0,"Elaboracion propia con base en Franco Hanztsch (2023)"
"522","Panama",2019,"Ricardo Lombana",0,0,0,0,"Elaboracion propia con base en Franco Hanztsch (2023)"
"523","Panama",2019,"Romulo Roux",0,0,0,0,"Elaboracion propia con base en Franco Hanztsch (2023)"
"524","Panama",2019,"Saul Mendez",0,0,0,0,"Elaboracion propia con base en Franco Hanztsch (2023)"
"525","Uruguay",2019,"Daniel Martinez",0,0,0,0,"Elaboracion propia con base en Franco Hanztsch (2023)"
"526","Uruguay",2019,"Luis Alberto Lacalle Pou",1,0,1,0,"Elaboracion propia con base en Franco Hanztsch (2023)"
"527","Bolivia",2020,"Carlos Mesa",0,0,0,0,"Elaboracion propia con base en Franco Hanztsch (2023)"
"528","Bolivia",2020,"Chi Hyun Chung",0,0,0,0,"Elaboracion propia con base en Franco Hanztsch (2023)"
"529","Bolivia",2020,"Feliciano Mamani",0,0,0,0,"Elaboracion propia con base en Franco Hanztsch (2023)"
"530","Bolivia",2020,"Jorge Quiroga",2,0,1,0,"Elaboracion propia con base en Franco Hanztsch (2023)"
"531","Bolivia",2020,"Luis Arce",0,0,0,0,"Elaboracion propia con base en Franco Hanztsch (2023)"
"532","Bolivia",2020,"Luis Fernando Camacho",0,0,0,0,"Elaboracion propia con base en Franco Hanztsch (2023)"
"533","Bolivia",2020,"Maria de la Cruz Baya",0,0,0,0,"Elaboracion propia con base en Franco Hanztsch (2023)"
"534","Chile",2021,"Eduardo Artes",4,1,1,1,"Elaboracion propia con base en Franco Hanztsch (2023)"
"535","Chile",2021,"Franco Parisi",4,0,1,0,"Elaboracion propia con base en Franco Hanztsch (2023)"
"536","Chile",2021,"Gabriel Boric",0,0,0,0,"Elaboracion propia con base en Franco Hanztsch (2023)"
"537","Chile",2021,"Jose Antonio Kast",5,1,1,1,"Elaboracion propia con base en Franco Hanztsch (2023)"
"538","Chile",2021,"Marco Enriquez-Ominami",16,0,1,0,"Elaboracion propia con base en Franco Hanztsch (2023)"
"539","Chile",2021,"Sebastian Sichel",0,0,0,0,"Elaboracion propia con base en Franco Hanztsch (2023)"
"540","Chile",2021,"Yasna Provoste",0,0,0,0,"Elaboracion propia con base en Franco Hanztsch (2023)"
"541","Ecuador",2021,"Andres Arauz",0,0,0,0,"Elaboracion propia con base en Franco Hanztsch (2023)"
"542","Ecuador",2021,"Carlos Sagnay",0,0,0,0,"Elaboracion propia con base en Franco Hanztsch (2023)"
"543","Ecuador",2021,"Cesar Montufar",0,0,0,0,"Elaboracion propia con base en Franco Hanztsch (2023)"
"544","Ecuador",2021,"Gerson Almeida",0,0,0,0,"Elaboracion propia con base en Franco Hanztsch (2023)"
"545","Ecuador",2021,"Giovanny Andrade",0,0,0,0,"Elaboracion propia con base en Franco Hanztsch (2023)"
"546","Ecuador",2021,"Guillermo Celi",0,0,0,0,"Elaboracion propia con base en Franco Hanztsch (2023)"
"547","Ecuador",2021,"Guillermo Lasso",3,0,1,0,"Elaboracion propia con base en Franco Hanztsch (2023)"
"548","Ecuador",2021,"Gustavo Larrea",0,0,0,0,"Elaboracion propia con base en Franco Hanztsch (2023)"
"549","Ecuador",2021,"Isidro Romero",0,0,0,0,"Elaboracion propia con base en Franco Hanztsch (2023)"
"550","Ecuador",2021,"Juan Fernando Velasco",0,0,0,0,"Elaboracion propia con base en Franco Hanztsch (2023)"
"551","Ecuador",2021,"Lucio Gutierrez",1,0,1,0,"Elaboracion propia con base en Franco Hanztsch (2023)"
"552","Ecuador",2021,"Paul Carrasco",0,0,0,0,"Elaboracion propia con base en Franco Hanztsch (2023)"
"553","Ecuador",2021,"Pedro Freile",0,0,0,0,"Elaboracion propia con base en Franco Hanztsch (2023)"
"554","Ecuador",2021,"Xavier Hervas",0,0,0,0,"Elaboracion propia con base en Franco Hanztsch (2023)"
"555","Ecuador",2021,"Ximena Pena",0,0,0,0,"Elaboracion propia con base en Franco Hanztsch (2023)"
"556","Ecuador",2021,"Yaku Perez",0,0,0,0,"Elaboracion propia con base en Franco Hanztsch (2023)"
"557","Peru",2021,"Alberto Beingolea",0,0,0,0,"Elaboracion propia con base en Franco Hanztsch (2023)"
"558","Peru",2021,"Andres Alcantara",0,0,0,0,"Elaboracion propia con base en Franco Hanztsch (2023)"
"559","Peru",2021,"Cesar Acuna",0,1,0,1,"Elaboracion propia con base en Franco Hanztsch (2023)"
"560","Peru",2021,"Ciro Galvez",0,0,0,0,"Elaboracion propia con base en Franco Hanztsch (2023)"
"561","Peru",2021,"Daniel Salaverry",0,0,0,0,"Elaboracion propia con base en Franco Hanztsch (2023)"
"562","Peru",2021,"Daniel Urresti",0,1,0,1,"Elaboracion propia con base en Franco Hanztsch (2023)"
"563","Peru",2021,"George Forsyth",0,0,0,0,"Elaboracion propia con base en Franco Hanztsch (2023)"
"564","Peru",2021,"Hernando de Soto",0,0,0,0,"Elaboracion propia con base en Franco Hanztsch (2023)"
"565","Peru",2021,"Jose Vega",0,0,0,0,"Elaboracion propia con base en Franco Hanztsch (2023)"
"566","Peru",2021,"Julio Guzman",1,0,1,0,"Elaboracion propia con base en Franco Hanztsch (2023)"
"567","Peru",2021,"Keiko Fujimori Higuchi",7,1,1,1,"Elaboracion propia con base en Franco Hanztsch (2023)"
"568","Peru",2021,"Marco Arana",0,0,0,0,"Elaboracion propia con base en Franco Hanztsch (2023)"
"569","Peru",2021,"Ollanta Moises Humala Tasso",5,0,1,0,"Elaboracion propia con base en Franco Hanztsch (2023)"
"570","Peru",2021,"Pedro Castillo",0,0,0,0,"Elaboracion propia con base en Franco Hanztsch (2023)"
"571","Peru",2021,"Rafael Lopez Aliaga",0,0,0,0,"Elaboracion propia con base en Franco Hanztsch (2023)"
"572","Peru",2021,"Rafael Santos",0,0,0,0,"Elaboracion propia con base en Franco Hanztsch (2023)"
"573","Peru",2021,"Veronika Mendoza",2,0,1,0,"Elaboracion propia con base en Franco Hanztsch (2023)"
"574","Peru",2021,"Yonhy Lescano",0,0,0,0,"Elaboracion propia con base en Franco Hanztsch (2023)"
"575","Brasil",2022,"Ciro Gomes",10,0,1,0,"Elaboracion propia con base en Franco Hanztsch (2023)"
"576","Brasil",2022,"Jair Bolsonaro",2,5,1,1,"Elaboracion propia con base en Franco Hanztsch (2023)"
"577","Brasil",2022,"Kelmon Souza",0,0,0,0,"Elaboracion propia con base en Franco Hanztsch (2023)"
"578","Brasil",2022,"Luiz Felipe d'Avila",0,0,0,0,"Elaboracion propia con base en Franco Hanztsch (2023)"
"579","Brasil",2022,"Luiz Inacio Lula da Silva",18,5,1,1,"Elaboracion propia con base en Franco Hanztsch (2023)"
"580","Brasil",2022,"Simone Tebet",0,0,0,0,"Elaboracion propia con base en Franco Hanztsch (2023)"
"581","Brasil",2022,"Soraya Thronicke",0,0,0,0,"Elaboracion propia con base en Franco Hanztsch (2023)"
"582","Colombia",2022,"Enrique Gomez",0,0,0,0,"Elaboracion propia con base en Franco Hanztsch (2023)"
"583","Colombia",2022,"Federico Gutierrez",0,0,0,0,"Elaboracion propia con base en Franco Hanztsch (2023)"
"584","Colombia",2022,"Gustavo Petro",19,1,1,1,"Elaboracion propia con base en Franco Hanztsch (2023)"
"585","Colombia",2022,"Ingrid Betancourt",0,1,0,1,"Elaboracion propia con base en Franco Hanztsch (2023)"
"586","Colombia",2022,"John Milton Rodriguez",0,0,0,0,"Elaboracion propia con base en Franco Hanztsch (2023)"
"587","Colombia",2022,"Luis Perez",0,0,0,0,"Elaboracion propia con base en Franco Hanztsch (2023)"
"588","Colombia",2022,"Rodolfo Hernandez",0,0,0,0,"Elaboracion propia con base en Franco Hanztsch (2023)"
"589","Colombia",2022,"Sergio Fajardo",12,3,1,1,"Elaboracion propia con base en Franco Hanztsch (2023)"
"590","Costa Rica",2022,"Carmen Quesada",0,0,0,0,"Elaboracion propia con base en Franco Hanztsch (2023)"
"591","Costa Rica",2022,"Christian Rivera",0,0,0,0,"Elaboracion propia con base en Franco Hanztsch (2023)"
"592","Costa Rica",2022,"Eduardo Cruickshank",0,0,0,0,"Elaboracion propia con base en Franco Hanztsch (2023)"
"593","Costa Rica",2022,"Eliecer Feinzaig",0,0,0,0,"Elaboracion propia con base en Franco Hanztsch (2023)"
"594","Costa Rica",2022,"Fabricio Alvarado Munoz",18,1,1,1,"Elaboracion propia con base en Franco Hanztsch (2023)"
"595","Costa Rica",2022,"Federico Malavassi",0,0,0,0,"Elaboracion propia con base en Franco Hanztsch (2023)"
"596","Costa Rica",2022,"Greivin Moya",0,0,0,0,"Elaboracion propia con base en Franco Hanztsch (2023)"
"597","Costa Rica",2022,"Jhon Vega",7,0,1,0,"Elaboracion propia con base en Franco Hanztsch (2023)"
"598","Costa Rica",2022,"Jose Maria Figueres",0,0,0,0,"Elaboracion propia con base en Franco Hanztsch (2023)"
"599","Costa Rica",2022,"Jose Maria Villalta",10,0,1,0,"Elaboracion propia con base en Franco Hanztsch (2023)"
"600","Costa Rica",2022,"Lineth Saborio",0,0,0,0,"Elaboracion propia con base en Franco Hanztsch (2023)"
"601","Costa Rica",2022,"Luis Alberto Cordero",0,0,0,0,"Elaboracion propia con base en Franco Hanztsch (2023)"
"602","Costa Rica",2022,"Maricela Morales",0,0,0,0,"Elaboracion propia con base en Franco Hanztsch (2023)"
"603","Costa Rica",2022,"Martin Chinchilla",0,0,0,0,"Elaboracion propia con base en Franco Hanztsch (2023)"
"604","Costa Rica",2022,"Natalia Diaz",0,0,0,0,"Elaboracion propia con base en Franco Hanztsch (2023)"
"605","Costa Rica",2022,"Oscar Campos",0,0,0,0,"Elaboracion propia con base en Franco Hanztsch (2023)"
"606","Costa Rica",2022,"Oscar Lopez",10,2,1,1,"Elaboracion propia con base en Franco Hanztsch (2023)"
"607","Costa Rica",2022,"Rodolfo Hernandez",9,2,1,1,"Elaboracion propia con base en Franco Hanztsch (2023)"
"608","Costa Rica",2022,"Rodolfo Piza",14,6,1,1,"Elaboracion propia con base en Franco Hanztsch (2023)"
"609","Costa Rica",2022,"Rodrigo Chaves",0,0,0,0,"Elaboracion propia con base en Franco Hanztsch (2023)"
"610","Costa Rica",2022,"Rolando Araya",5,0,1,0,"Elaboracion propia con base en Franco Hanztsch (2023)"
"611","Costa Rica",2022,"Roulan Jimenez",0,0,0,0,"Elaboracion propia con base en Franco Hanztsch (2023)"
"612","Costa Rica",2022,"Sergio Mena",12,0,1,0,"Elaboracion propia con base en Franco Hanztsch (2023)"
"613","Costa Rica",2022,"Walter Munoz",6,1,1,1,"Elaboracion propia con base en Franco Hanztsch (2023)"
"614","Costa Rica",2022,"Welmer Ramos",0,0,0,0,"Elaboracion propia con base en Franco Hanztsch (2023)"
"615","Argentina",2023,"Javier Milei",0,0,0,0,"Elaboracion propia con base en Franco Hanztsch (2023)"
"616","Argentina",2023,"Juan Schiaretti",0,0,0,0,"Elaboracion propia con base en Franco Hanztsch (2023)"
"617","Argentina",2023,"Myriam Bregman",0,0,0,0,"Elaboracion propia con base en Franco Hanztsch (2023)"
"618","Argentina",2023,"Patricia Bullrich",0,0,0,0,"Elaboracion propia con base en Franco Hanztsch (2023)"
"619","Argentina",2023,"Sergio Massa",1,0,1,0,"Elaboracion propia con base en Franco Hanztsch (2023)"
"620","Ecuador",2023,"Bolivar Armijos",0,0,0,0,"Elaboracion propia con base en Franco Hanztsch (2023)"
"621","Ecuador",2023,"Daniel Noboa Azin",0,0,0,0,"Elaboracion propia con base en Franco Hanztsch (2023)"
"622","Ecuador",2023,"Jan Topic",0,0,0,0,"Elaboracion propia con base en Franco Hanztsch (2023)"
"623","Ecuador",2023,"Luisa Gonzalez",0,0,0,0,"Elaboracion propia con base en Franco Hanztsch (2023)"
"624","Ecuador",2023,"Otto Sonnenholzner",0,0,0,0,"Elaboracion propia con base en Franco Hanztsch (2023)"
"625","Ecuador",2023,"Xavier Hervas",3,0,1,0,"Elaboracion propia con base en Franco Hanztsch (2023)"
"626","Ecuador",2023,"Yaku Perez",1,2,1,1,"Elaboracion propia con base en Franco Hanztsch (2023)"
"627","Guatemala",2023,"Alvaro Trujillo",0,0,0,0,"Elaboracion propia con base en Franco Hanztsch (2023)"
"628","Guatemala",2023,"Amilcar Pop",0,0,0,0,"Elaboracion propia con base en Franco Hanztsch (2023)"
"629","Guatemala",2023,"Amilcar Rivera",2,0,1,0,"Elaboracion propia con base en Franco Hanztsch (2023)"
"630","Guatemala",2023,"Armando Castillo",0,0,0,0,"Elaboracion propia con base en Franco Hanztsch (2023)"
"631","Guatemala",2023,"Bernardo Arevalo",0,0,0,0,"Elaboracion propia con base en Franco Hanztsch (2023)"
"632","Guatemala",2023,"Carlos Pineda",0,0,0,0,"Elaboracion propia con base en Franco Hanztsch (2023)"
"633","Guatemala",2023,"Edmond Mulet",3,0,1,0,"Elaboracion propia con base en Franco Hanztsch (2023)"
"634","Guatemala",2023,"Francisco Arredondo",0,0,0,0,"Elaboracion propia con base en Franco Hanztsch (2023)"
"635","Guatemala",2023,"Giovanni Reyes",0,0,0,0,"Elaboracion propia con base en Franco Hanztsch (2023)"
"636","Guatemala",2023,"Giulio Talamonti",0,0,0,0,"Elaboracion propia con base en Franco Hanztsch (2023)"
"637","Guatemala",2023,"Hugo Pena",0,0,0,0,"Elaboracion propia con base en Franco Hanztsch (2023)"
"638","Guatemala",2023,"Isaac Farchi",2,0,1,0,"Elaboracion propia con base en Franco Hanztsch (2023)"
"639","Guatemala",2023,"Julio Rivera Claveria",0,0,0,0,"Elaboracion propia con base en Franco Hanztsch (2023)"
"640","Guatemala",2023,"Luis Lam",0,0,0,0,"Elaboracion propia con base en Franco Hanztsch (2023)"
"641","Guatemala",2023,"Manuel Conde Orellana",1,0,1,0,"Elaboracion propia con base en Franco Hanztsch (2023)"
"642","Guatemala",2023,"Manuel Villacorta",1,0,1,0,"Elaboracion propia con base en Franco Hanztsch (2023)"
"643","Guatemala",2023,"Rafael Espada",0,0,0,0,"Elaboracion propia con base en Franco Hanztsch (2023)"
"644","Guatemala",2023,"Ricardo Sagastume",0,0,0,0,"Elaboracion propia con base en Franco Hanztsch (2023)"
"645","Guatemala",2023,"Rudio Lecsan Merida",0,0,0,0,"Elaboracion propia con base en Franco Hanztsch (2023)"
"646","Guatemala",2023,"Rudy Guzman",0,0,0,0,"Elaboracion propia con base en Franco Hanztsch (2023)"
"647","Guatemala",2023,"Samuel Morales",0,0,0,0,"Elaboracion propia con base en Franco Hanztsch (2023)"
"648","Guatemala",2023,"Sandra Torres",9,4,1,1,"Elaboracion propia con base en Franco Hanztsch (2023)"
"649","Guatemala",2023,"Zury Rios",3,1,1,1,"Elaboracion propia con base en Franco Hanztsch (2023)"
"650","Paraguay",2023,"Alfredo Luis Machuca Doldan",0,0,0,0,"Elaboracion propia con base en Franco Hanztsch (2023)"
"651","Paraguay",2023,"Euclides Acevedo",0,0,0,0,"Elaboracion propia con base en Franco Hanztsch (2023)"
"652","Paraguay",2023,"Jorge Gomez Otano",0,0,0,0,"Elaboracion propia con base en Franco Hanztsch (2023)"
"653","Paraguay",2023,"Luis Talavera",0,0,0,0,"Elaboracion propia con base en Franco Hanztsch (2023)"
"654","Paraguay",2023,"Paraguayo Cubas",0,0,0,0,"Elaboracion propia con base en Franco Hanztsch (2023)"
