"","cat_pais","ncat_eleccion","ncat_ronda","prop_elec_usa_ciclo","n_debates_usa_ciclo","dico_debates_usa_ciclo","source_debates_usa_ciclo"
"1","Argentina",1983,1,1,2,1,"Cuenta con base en información disponible en: https://www.presidency.ucsb.edu/documents/presidential-documents-archive-guidebook/presidential-campaigns-debates-and-endorsements-0"
"2","Argentina",1989,1,1,4,1,"Cuenta con base en información disponible en: https://www.presidency.ucsb.edu/documents/presidential-documents-archive-guidebook/presidential-campaigns-debates-and-endorsements-0"
"3","Argentina",1995,1,1,3,1,"Cuenta con base en información disponible en: https://www.presidency.ucsb.edu/documents/presidential-documents-archive-guidebook/presidential-campaigns-debates-and-endorsements-0"
"4","Argentina",1999,1,1,2,1,"Cuenta con base en información disponible en: https://www.presidency.ucsb.edu/documents/presidential-documents-archive-guidebook/presidential-campaigns-debates-and-endorsements-0"
"5","Argentina",2003,1,1,3,1,"Cuenta con base en información disponible en: https://www.presidency.ucsb.edu/documents/presidential-documents-archive-guidebook/presidential-campaigns-debates-and-endorsements-0"
"6","Argentina",2007,1,1,3,1,"Cuenta con base en información disponible en: https://www.presidency.ucsb.edu/documents/presidential-documents-archive-guidebook/presidential-campaigns-debates-and-endorsements-0"
"7","Argentina",2011,1,1,3,1,"Cuenta con base en información disponible en: https://www.presidency.ucsb.edu/documents/presidential-documents-archive-guidebook/presidential-campaigns-debates-and-endorsements-0"
"8","Argentina",2015,1,1,3,1,"Cuenta con base en información disponible en: https://www.presidency.ucsb.edu/documents/presidential-documents-archive-guidebook/presidential-campaigns-debates-and-endorsements-0"
"9","Argentina",2015,2,1,3,1,"Cuenta con base en información disponible en: https://www.presidency.ucsb.edu/documents/presidential-documents-archive-guidebook/presidential-campaigns-debates-and-endorsements-0"
"10","Argentina",2019,1,1,3,1,"Cuenta con base en información disponible en: https://www.presidency.ucsb.edu/documents/presidential-documents-archive-guidebook/presidential-campaigns-debates-and-endorsements-0"
"11","Argentina",2023,1,1,2,1,"Cuenta con base en información disponible en: https://www.presidency.ucsb.edu/documents/presidential-documents-archive-guidebook/presidential-campaigns-debates-and-endorsements-0"
"12","Argentina",2023,2,1,2,1,"Cuenta con base en información disponible en: https://www.presidency.ucsb.edu/documents/presidential-documents-archive-guidebook/presidential-campaigns-debates-and-endorsements-0"
"13","Bolivia",1978,1,1,3,1,"Cuenta con base en información disponible en: https://www.presidency.ucsb.edu/documents/presidential-documents-archive-guidebook/presidential-campaigns-debates-and-endorsements-0"
"14","Bolivia",1979,1,0,0,0,"Cuenta con base en información disponible en: https://www.presidency.ucsb.edu/documents/presidential-documents-archive-guidebook/presidential-campaigns-debates-and-endorsements-0"
"15","Bolivia",1980,1,0,0,0,"Cuenta con base en información disponible en: https://www.presidency.ucsb.edu/documents/presidential-documents-archive-guidebook/presidential-campaigns-debates-and-endorsements-0"
"16","Bolivia",1985,1,1,4,1,"Cuenta con base en información disponible en: https://www.presidency.ucsb.edu/documents/presidential-documents-archive-guidebook/presidential-campaigns-debates-and-endorsements-0"
"17","Bolivia",1989,1,1,2,1,"Cuenta con base en información disponible en: https://www.presidency.ucsb.edu/documents/presidential-documents-archive-guidebook/presidential-campaigns-debates-and-endorsements-0"
"18","Bolivia",1993,1,1,3,1,"Cuenta con base en información disponible en: https://www.presidency.ucsb.edu/documents/presidential-documents-archive-guidebook/presidential-campaigns-debates-and-endorsements-0"
"19","Bolivia",1997,1,1,2,1,"Cuenta con base en información disponible en: https://www.presidency.ucsb.edu/documents/presidential-documents-archive-guidebook/presidential-campaigns-debates-and-endorsements-0"
"20","Bolivia",2002,1,1,3,1,"Cuenta con base en información disponible en: https://www.presidency.ucsb.edu/documents/presidential-documents-archive-guidebook/presidential-campaigns-debates-and-endorsements-0"
"21","Bolivia",2005,1,1,3,1,"Cuenta con base en información disponible en: https://www.presidency.ucsb.edu/documents/presidential-documents-archive-guidebook/presidential-campaigns-debates-and-endorsements-0"
"22","Bolivia",2009,1,1,3,1,"Cuenta con base en información disponible en: https://www.presidency.ucsb.edu/documents/presidential-documents-archive-guidebook/presidential-campaigns-debates-and-endorsements-0"
"23","Bolivia",2014,1,1,3,1,"Cuenta con base en información disponible en: https://www.presidency.ucsb.edu/documents/presidential-documents-archive-guidebook/presidential-campaigns-debates-and-endorsements-0"
"24","Bolivia",2019,1,1,3,1,"Cuenta con base en información disponible en: https://www.presidency.ucsb.edu/documents/presidential-documents-archive-guidebook/presidential-campaigns-debates-and-endorsements-0"
"25","Bolivia",2020,1,0,0,0,"Cuenta con base en información disponible en: https://www.presidency.ucsb.edu/documents/presidential-documents-archive-guidebook/presidential-campaigns-debates-and-endorsements-0"
"26","Brasil",1989,1,1,2,1,"Cuenta con base en información disponible en: https://www.presidency.ucsb.edu/documents/presidential-documents-archive-guidebook/presidential-campaigns-debates-and-endorsements-0"
"27","Brasil",1989,2,1,2,1,"Cuenta con base en información disponible en: https://www.presidency.ucsb.edu/documents/presidential-documents-archive-guidebook/presidential-campaigns-debates-and-endorsements-0"
"28","Brasil",1994,1,1,3,1,"Cuenta con base en información disponible en: https://www.presidency.ucsb.edu/documents/presidential-documents-archive-guidebook/presidential-campaigns-debates-and-endorsements-0"
"29","Brasil",1998,1,1,2,1,"Cuenta con base en información disponible en: https://www.presidency.ucsb.edu/documents/presidential-documents-archive-guidebook/presidential-campaigns-debates-and-endorsements-0"
"30","Brasil",2002,1,1,3,1,"Cuenta con base en información disponible en: https://www.presidency.ucsb.edu/documents/presidential-documents-archive-guidebook/presidential-campaigns-debates-and-endorsements-0"
"31","Brasil",2002,2,1,3,1,"Cuenta con base en información disponible en: https://www.presidency.ucsb.edu/documents/presidential-documents-archive-guidebook/presidential-campaigns-debates-and-endorsements-0"
"32","Brasil",2006,1,1,3,1,"Cuenta con base en información disponible en: https://www.presidency.ucsb.edu/documents/presidential-documents-archive-guidebook/presidential-campaigns-debates-and-endorsements-0"
"33","Brasil",2006,2,1,3,1,"Cuenta con base en información disponible en: https://www.presidency.ucsb.edu/documents/presidential-documents-archive-guidebook/presidential-campaigns-debates-and-endorsements-0"
"34","Brasil",2010,1,1,3,1,"Cuenta con base en información disponible en: https://www.presidency.ucsb.edu/documents/presidential-documents-archive-guidebook/presidential-campaigns-debates-and-endorsements-0"
"35","Brasil",2010,2,1,3,1,"Cuenta con base en información disponible en: https://www.presidency.ucsb.edu/documents/presidential-documents-archive-guidebook/presidential-campaigns-debates-and-endorsements-0"
"36","Brasil",2014,1,1,3,1,"Cuenta con base en información disponible en: https://www.presidency.ucsb.edu/documents/presidential-documents-archive-guidebook/presidential-campaigns-debates-and-endorsements-0"
"37","Brasil",2014,2,1,3,1,"Cuenta con base en información disponible en: https://www.presidency.ucsb.edu/documents/presidential-documents-archive-guidebook/presidential-campaigns-debates-and-endorsements-0"
"38","Brasil",2018,1,1,3,1,"Cuenta con base en información disponible en: https://www.presidency.ucsb.edu/documents/presidential-documents-archive-guidebook/presidential-campaigns-debates-and-endorsements-0"
"39","Brasil",2018,2,1,3,1,"Cuenta con base en información disponible en: https://www.presidency.ucsb.edu/documents/presidential-documents-archive-guidebook/presidential-campaigns-debates-and-endorsements-0"
"40","Brasil",2022,1,1,2,1,"Cuenta con base en información disponible en: https://www.presidency.ucsb.edu/documents/presidential-documents-archive-guidebook/presidential-campaigns-debates-and-endorsements-0"
"41","Brasil",2022,2,1,2,1,"Cuenta con base en información disponible en: https://www.presidency.ucsb.edu/documents/presidential-documents-archive-guidebook/presidential-campaigns-debates-and-endorsements-0"
"42","Chile",1989,1,1,2,1,"Cuenta con base en información disponible en: https://www.presidency.ucsb.edu/documents/presidential-documents-archive-guidebook/presidential-campaigns-debates-and-endorsements-0"
"43","Chile",1993,1,1,3,1,"Cuenta con base en información disponible en: https://www.presidency.ucsb.edu/documents/presidential-documents-archive-guidebook/presidential-campaigns-debates-and-endorsements-0"
"44","Chile",2000,1,1,2,1,"Cuenta con base en información disponible en: https://www.presidency.ucsb.edu/documents/presidential-documents-archive-guidebook/presidential-campaigns-debates-and-endorsements-0"
"45","Chile",2000,2,1,2,1,"Cuenta con base en información disponible en: https://www.presidency.ucsb.edu/documents/presidential-documents-archive-guidebook/presidential-campaigns-debates-and-endorsements-0"
"46","Chile",2006,1,1,6,1,"Cuenta con base en información disponible en: https://www.presidency.ucsb.edu/documents/presidential-documents-archive-guidebook/presidential-campaigns-debates-and-endorsements-0"
"47","Chile",2006,2,1,6,1,"Cuenta con base en información disponible en: https://www.presidency.ucsb.edu/documents/presidential-documents-archive-guidebook/presidential-campaigns-debates-and-endorsements-0"
"48","Chile",2010,1,1,3,1,"Cuenta con base en información disponible en: https://www.presidency.ucsb.edu/documents/presidential-documents-archive-guidebook/presidential-campaigns-debates-and-endorsements-0"
"49","Chile",2010,2,1,3,1,"Cuenta con base en información disponible en: https://www.presidency.ucsb.edu/documents/presidential-documents-archive-guidebook/presidential-campaigns-debates-and-endorsements-0"
"50","Chile",2013,1,1,3,1,"Cuenta con base en información disponible en: https://www.presidency.ucsb.edu/documents/presidential-documents-archive-guidebook/presidential-campaigns-debates-and-endorsements-0"
"51","Chile",2013,2,1,3,1,"Cuenta con base en información disponible en: https://www.presidency.ucsb.edu/documents/presidential-documents-archive-guidebook/presidential-campaigns-debates-and-endorsements-0"
"52","Chile",2017,1,1,3,1,"Cuenta con base en información disponible en: https://www.presidency.ucsb.edu/documents/presidential-documents-archive-guidebook/presidential-campaigns-debates-and-endorsements-0"
"53","Chile",2017,2,1,3,1,"Cuenta con base en información disponible en: https://www.presidency.ucsb.edu/documents/presidential-documents-archive-guidebook/presidential-campaigns-debates-and-endorsements-0"
"54","Chile",2021,1,1,2,1,"Cuenta con base en información disponible en: https://www.presidency.ucsb.edu/documents/presidential-documents-archive-guidebook/presidential-campaigns-debates-and-endorsements-0"
"55","Chile",2021,2,1,2,1,"Cuenta con base en información disponible en: https://www.presidency.ucsb.edu/documents/presidential-documents-archive-guidebook/presidential-campaigns-debates-and-endorsements-0"
"56","Colombia",1974,1,0,0,0,"Cuenta con base en información disponible en: https://www.presidency.ucsb.edu/documents/presidential-documents-archive-guidebook/presidential-campaigns-debates-and-endorsements-0"
"57","Colombia",1978,1,1,3,1,"Cuenta con base en información disponible en: https://www.presidency.ucsb.edu/documents/presidential-documents-archive-guidebook/presidential-campaigns-debates-and-endorsements-0"
"58","Colombia",1982,1,1,2,1,"Cuenta con base en información disponible en: https://www.presidency.ucsb.edu/documents/presidential-documents-archive-guidebook/presidential-campaigns-debates-and-endorsements-0"
"59","Colombia",1986,1,1,2,1,"Cuenta con base en información disponible en: https://www.presidency.ucsb.edu/documents/presidential-documents-archive-guidebook/presidential-campaigns-debates-and-endorsements-0"
"60","Colombia",1990,1,1,2,1,"Cuenta con base en información disponible en: https://www.presidency.ucsb.edu/documents/presidential-documents-archive-guidebook/presidential-campaigns-debates-and-endorsements-0"
"61","Colombia",1994,1,1,3,1,"Cuenta con base en información disponible en: https://www.presidency.ucsb.edu/documents/presidential-documents-archive-guidebook/presidential-campaigns-debates-and-endorsements-0"
"62","Colombia",1994,2,1,3,1,"Cuenta con base en información disponible en: https://www.presidency.ucsb.edu/documents/presidential-documents-archive-guidebook/presidential-campaigns-debates-and-endorsements-0"
"63","Colombia",1998,1,1,2,1,"Cuenta con base en información disponible en: https://www.presidency.ucsb.edu/documents/presidential-documents-archive-guidebook/presidential-campaigns-debates-and-endorsements-0"
"64","Colombia",1998,2,1,2,1,"Cuenta con base en información disponible en: https://www.presidency.ucsb.edu/documents/presidential-documents-archive-guidebook/presidential-campaigns-debates-and-endorsements-0"
"65","Colombia",2002,1,1,3,1,"Cuenta con base en información disponible en: https://www.presidency.ucsb.edu/documents/presidential-documents-archive-guidebook/presidential-campaigns-debates-and-endorsements-0"
"66","Colombia",2006,1,1,3,1,"Cuenta con base en información disponible en: https://www.presidency.ucsb.edu/documents/presidential-documents-archive-guidebook/presidential-campaigns-debates-and-endorsements-0"
"67","Colombia",2010,1,1,3,1,"Cuenta con base en información disponible en: https://www.presidency.ucsb.edu/documents/presidential-documents-archive-guidebook/presidential-campaigns-debates-and-endorsements-0"
"68","Colombia",2010,2,1,3,1,"Cuenta con base en información disponible en: https://www.presidency.ucsb.edu/documents/presidential-documents-archive-guidebook/presidential-campaigns-debates-and-endorsements-0"
"69","Colombia",2014,1,1,3,1,"Cuenta con base en información disponible en: https://www.presidency.ucsb.edu/documents/presidential-documents-archive-guidebook/presidential-campaigns-debates-and-endorsements-0"
"70","Colombia",2014,2,1,3,1,"Cuenta con base en información disponible en: https://www.presidency.ucsb.edu/documents/presidential-documents-archive-guidebook/presidential-campaigns-debates-and-endorsements-0"
"71","Colombia",2018,1,1,3,1,"Cuenta con base en información disponible en: https://www.presidency.ucsb.edu/documents/presidential-documents-archive-guidebook/presidential-campaigns-debates-and-endorsements-0"
"72","Colombia",2018,2,1,3,1,"Cuenta con base en información disponible en: https://www.presidency.ucsb.edu/documents/presidential-documents-archive-guidebook/presidential-campaigns-debates-and-endorsements-0"
"73","Colombia",2022,1,1,2,1,"Cuenta con base en información disponible en: https://www.presidency.ucsb.edu/documents/presidential-documents-archive-guidebook/presidential-campaigns-debates-and-endorsements-0"
"74","Colombia",2022,2,1,2,1,"Cuenta con base en información disponible en: https://www.presidency.ucsb.edu/documents/presidential-documents-archive-guidebook/presidential-campaigns-debates-and-endorsements-0"
"75","Costa Rica",1962,1,1,4,1,"Cuenta con base en información disponible en: https://www.presidency.ucsb.edu/documents/presidential-documents-archive-guidebook/presidential-campaigns-debates-and-endorsements-0"
"76","Costa Rica",1966,1,0,0,0,"Cuenta con base en información disponible en: https://www.presidency.ucsb.edu/documents/presidential-documents-archive-guidebook/presidential-campaigns-debates-and-endorsements-0"
"77","Costa Rica",1970,1,0,0,0,"Cuenta con base en información disponible en: https://www.presidency.ucsb.edu/documents/presidential-documents-archive-guidebook/presidential-campaigns-debates-and-endorsements-0"
"78","Costa Rica",1974,1,0,0,0,"Cuenta con base en información disponible en: https://www.presidency.ucsb.edu/documents/presidential-documents-archive-guidebook/presidential-campaigns-debates-and-endorsements-0"
"79","Costa Rica",1978,1,1,3,1,"Cuenta con base en información disponible en: https://www.presidency.ucsb.edu/documents/presidential-documents-archive-guidebook/presidential-campaigns-debates-and-endorsements-0"
"80","Costa Rica",1982,1,1,2,1,"Cuenta con base en información disponible en: https://www.presidency.ucsb.edu/documents/presidential-documents-archive-guidebook/presidential-campaigns-debates-and-endorsements-0"
"81","Costa Rica",1986,1,1,2,1,"Cuenta con base en información disponible en: https://www.presidency.ucsb.edu/documents/presidential-documents-archive-guidebook/presidential-campaigns-debates-and-endorsements-0"
"82","Costa Rica",1990,1,1,2,1,"Cuenta con base en información disponible en: https://www.presidency.ucsb.edu/documents/presidential-documents-archive-guidebook/presidential-campaigns-debates-and-endorsements-0"
"83","Costa Rica",1994,1,1,3,1,"Cuenta con base en información disponible en: https://www.presidency.ucsb.edu/documents/presidential-documents-archive-guidebook/presidential-campaigns-debates-and-endorsements-0"
"84","Costa Rica",1998,1,1,2,1,"Cuenta con base en información disponible en: https://www.presidency.ucsb.edu/documents/presidential-documents-archive-guidebook/presidential-campaigns-debates-and-endorsements-0"
"85","Costa Rica",2002,1,1,3,1,"Cuenta con base en información disponible en: https://www.presidency.ucsb.edu/documents/presidential-documents-archive-guidebook/presidential-campaigns-debates-and-endorsements-0"
"86","Costa Rica",2002,2,1,3,1,"Cuenta con base en información disponible en: https://www.presidency.ucsb.edu/documents/presidential-documents-archive-guidebook/presidential-campaigns-debates-and-endorsements-0"
"87","Costa Rica",2006,1,1,3,1,"Cuenta con base en información disponible en: https://www.presidency.ucsb.edu/documents/presidential-documents-archive-guidebook/presidential-campaigns-debates-and-endorsements-0"
"88","Costa Rica",2010,1,1,3,1,"Cuenta con base en información disponible en: https://www.presidency.ucsb.edu/documents/presidential-documents-archive-guidebook/presidential-campaigns-debates-and-endorsements-0"
"89","Costa Rica",2014,1,1,3,1,"Cuenta con base en información disponible en: https://www.presidency.ucsb.edu/documents/presidential-documents-archive-guidebook/presidential-campaigns-debates-and-endorsements-0"
"90","Costa Rica",2014,2,1,3,1,"Cuenta con base en información disponible en: https://www.presidency.ucsb.edu/documents/presidential-documents-archive-guidebook/presidential-campaigns-debates-and-endorsements-0"
"91","Costa Rica",2018,1,1,3,1,"Cuenta con base en información disponible en: https://www.presidency.ucsb.edu/documents/presidential-documents-archive-guidebook/presidential-campaigns-debates-and-endorsements-0"
"92","Costa Rica",2018,2,1,3,1,"Cuenta con base en información disponible en: https://www.presidency.ucsb.edu/documents/presidential-documents-archive-guidebook/presidential-campaigns-debates-and-endorsements-0"
"93","Costa Rica",2022,1,1,2,1,"Cuenta con base en información disponible en: https://www.presidency.ucsb.edu/documents/presidential-documents-archive-guidebook/presidential-campaigns-debates-and-endorsements-0"
"94","Costa Rica",2022,2,1,2,1,"Cuenta con base en información disponible en: https://www.presidency.ucsb.edu/documents/presidential-documents-archive-guidebook/presidential-campaigns-debates-and-endorsements-0"
"95","Ecuador",1960,1,0,0,0,"Cuenta con base en información disponible en: https://www.presidency.ucsb.edu/documents/presidential-documents-archive-guidebook/presidential-campaigns-debates-and-endorsements-0"
"96","Ecuador",1968,1,0.5,4,1,"Cuenta con base en información disponible en: https://www.presidency.ucsb.edu/documents/presidential-documents-archive-guidebook/presidential-campaigns-debates-and-endorsements-0"
"97","Ecuador",1979,1,0.333333333333333,3,1,"Cuenta con base en información disponible en: https://www.presidency.ucsb.edu/documents/presidential-documents-archive-guidebook/presidential-campaigns-debates-and-endorsements-0"
"98","Ecuador",1979,2,0.333333333333333,3,1,"Cuenta con base en información disponible en: https://www.presidency.ucsb.edu/documents/presidential-documents-archive-guidebook/presidential-campaigns-debates-and-endorsements-0"
"99","Ecuador",1984,1,1,2,1,"Cuenta con base en información disponible en: https://www.presidency.ucsb.edu/documents/presidential-documents-archive-guidebook/presidential-campaigns-debates-and-endorsements-0"
"100","Ecuador",1984,2,1,2,1,"Cuenta con base en información disponible en: https://www.presidency.ucsb.edu/documents/presidential-documents-archive-guidebook/presidential-campaigns-debates-and-endorsements-0"
"101","Ecuador",1988,1,1,2,1,"Cuenta con base en información disponible en: https://www.presidency.ucsb.edu/documents/presidential-documents-archive-guidebook/presidential-campaigns-debates-and-endorsements-0"
"102","Ecuador",1988,2,1,2,1,"Cuenta con base en información disponible en: https://www.presidency.ucsb.edu/documents/presidential-documents-archive-guidebook/presidential-campaigns-debates-and-endorsements-0"
"103","Ecuador",1992,1,1,2,1,"Cuenta con base en información disponible en: https://www.presidency.ucsb.edu/documents/presidential-documents-archive-guidebook/presidential-campaigns-debates-and-endorsements-0"
"104","Ecuador",1992,2,1,2,1,"Cuenta con base en información disponible en: https://www.presidency.ucsb.edu/documents/presidential-documents-archive-guidebook/presidential-campaigns-debates-and-endorsements-0"
"105","Ecuador",1996,1,1,3,1,"Cuenta con base en información disponible en: https://www.presidency.ucsb.edu/documents/presidential-documents-archive-guidebook/presidential-campaigns-debates-and-endorsements-0"
"106","Ecuador",1996,2,1,3,1,"Cuenta con base en información disponible en: https://www.presidency.ucsb.edu/documents/presidential-documents-archive-guidebook/presidential-campaigns-debates-and-endorsements-0"
"107","Ecuador",1998,1,1,2,1,"Cuenta con base en información disponible en: https://www.presidency.ucsb.edu/documents/presidential-documents-archive-guidebook/presidential-campaigns-debates-and-endorsements-0"
"108","Ecuador",1998,2,1,2,1,"Cuenta con base en información disponible en: https://www.presidency.ucsb.edu/documents/presidential-documents-archive-guidebook/presidential-campaigns-debates-and-endorsements-0"
"109","Ecuador",2002,1,1,3,1,"Cuenta con base en información disponible en: https://www.presidency.ucsb.edu/documents/presidential-documents-archive-guidebook/presidential-campaigns-debates-and-endorsements-0"
"110","Ecuador",2002,2,1,3,1,"Cuenta con base en información disponible en: https://www.presidency.ucsb.edu/documents/presidential-documents-archive-guidebook/presidential-campaigns-debates-and-endorsements-0"
"111","Ecuador",2006,1,1,3,1,"Cuenta con base en información disponible en: https://www.presidency.ucsb.edu/documents/presidential-documents-archive-guidebook/presidential-campaigns-debates-and-endorsements-0"
"112","Ecuador",2006,2,1,3,1,"Cuenta con base en información disponible en: https://www.presidency.ucsb.edu/documents/presidential-documents-archive-guidebook/presidential-campaigns-debates-and-endorsements-0"
"113","Ecuador",2009,1,1,3,1,"Cuenta con base en información disponible en: https://www.presidency.ucsb.edu/documents/presidential-documents-archive-guidebook/presidential-campaigns-debates-and-endorsements-0"
"114","Ecuador",2013,1,1,3,1,"Cuenta con base en información disponible en: https://www.presidency.ucsb.edu/documents/presidential-documents-archive-guidebook/presidential-campaigns-debates-and-endorsements-0"
"115","Ecuador",2017,1,1,3,1,"Cuenta con base en información disponible en: https://www.presidency.ucsb.edu/documents/presidential-documents-archive-guidebook/presidential-campaigns-debates-and-endorsements-0"
"116","Ecuador",2017,2,1,3,1,"Cuenta con base en información disponible en: https://www.presidency.ucsb.edu/documents/presidential-documents-archive-guidebook/presidential-campaigns-debates-and-endorsements-0"
"117","Ecuador",2021,1,1,2,1,"Cuenta con base en información disponible en: https://www.presidency.ucsb.edu/documents/presidential-documents-archive-guidebook/presidential-campaigns-debates-and-endorsements-0"
"118","Ecuador",2021,2,1,2,1,"Cuenta con base en información disponible en: https://www.presidency.ucsb.edu/documents/presidential-documents-archive-guidebook/presidential-campaigns-debates-and-endorsements-0"
"119","Ecuador",2023,1,0,0,0,"Cuenta con base en información disponible en: https://www.presidency.ucsb.edu/documents/presidential-documents-archive-guidebook/presidential-campaigns-debates-and-endorsements-0"
"120","Ecuador",2023,2,0,0,0,"Cuenta con base en información disponible en: https://www.presidency.ucsb.edu/documents/presidential-documents-archive-guidebook/presidential-campaigns-debates-and-endorsements-0"
"121","El Salvador",1984,1,0,0,0,"Cuenta con base en información disponible en: https://www.presidency.ucsb.edu/documents/presidential-documents-archive-guidebook/presidential-campaigns-debates-and-endorsements-0"
"122","El Salvador",1984,2,0,0,0,"Cuenta con base en información disponible en: https://www.presidency.ucsb.edu/documents/presidential-documents-archive-guidebook/presidential-campaigns-debates-and-endorsements-0"
"123","El Salvador",1989,1,1,4,1,"Cuenta con base en información disponible en: https://www.presidency.ucsb.edu/documents/presidential-documents-archive-guidebook/presidential-campaigns-debates-and-endorsements-0"
"124","El Salvador",1994,1,1,3,1,"Cuenta con base en información disponible en: https://www.presidency.ucsb.edu/documents/presidential-documents-archive-guidebook/presidential-campaigns-debates-and-endorsements-0"
"125","El Salvador",1994,2,1,3,1,"Cuenta con base en información disponible en: https://www.presidency.ucsb.edu/documents/presidential-documents-archive-guidebook/presidential-campaigns-debates-and-endorsements-0"
"126","El Salvador",1999,1,1,2,1,"Cuenta con base en información disponible en: https://www.presidency.ucsb.edu/documents/presidential-documents-archive-guidebook/presidential-campaigns-debates-and-endorsements-0"
"127","El Salvador",2004,1,1,3,1,"Cuenta con base en información disponible en: https://www.presidency.ucsb.edu/documents/presidential-documents-archive-guidebook/presidential-campaigns-debates-and-endorsements-0"
"128","El Salvador",2009,1,1,6,1,"Cuenta con base en información disponible en: https://www.presidency.ucsb.edu/documents/presidential-documents-archive-guidebook/presidential-campaigns-debates-and-endorsements-0"
"129","El Salvador",2014,1,1,3,1,"Cuenta con base en información disponible en: https://www.presidency.ucsb.edu/documents/presidential-documents-archive-guidebook/presidential-campaigns-debates-and-endorsements-0"
"130","El Salvador",2014,2,1,3,1,"Cuenta con base en información disponible en: https://www.presidency.ucsb.edu/documents/presidential-documents-archive-guidebook/presidential-campaigns-debates-and-endorsements-0"
"131","El Salvador",2019,1,1,3,1,"Cuenta con base en información disponible en: https://www.presidency.ucsb.edu/documents/presidential-documents-archive-guidebook/presidential-campaigns-debates-and-endorsements-0"
"132","El Salvador",2024,1,1,2,1,"Cuenta con base en información disponible en: https://www.presidency.ucsb.edu/documents/presidential-documents-archive-guidebook/presidential-campaigns-debates-and-endorsements-0"
"133","Guatemala",1966,1,0,0,0,"Cuenta con base en información disponible en: https://www.presidency.ucsb.edu/documents/presidential-documents-archive-guidebook/presidential-campaigns-debates-and-endorsements-0"
"134","Guatemala",1970,1,0,0,0,"Cuenta con base en información disponible en: https://www.presidency.ucsb.edu/documents/presidential-documents-archive-guidebook/presidential-campaigns-debates-and-endorsements-0"
"135","Guatemala",1974,1,0,0,0,"Cuenta con base en información disponible en: https://www.presidency.ucsb.edu/documents/presidential-documents-archive-guidebook/presidential-campaigns-debates-and-endorsements-0"
"136","Guatemala",1978,1,1,3,1,"Cuenta con base en información disponible en: https://www.presidency.ucsb.edu/documents/presidential-documents-archive-guidebook/presidential-campaigns-debates-and-endorsements-0"
"137","Guatemala",1982,1,1,2,1,"Cuenta con base en información disponible en: https://www.presidency.ucsb.edu/documents/presidential-documents-archive-guidebook/presidential-campaigns-debates-and-endorsements-0"
"138","Guatemala",1985,1,1,2,1,"Cuenta con base en información disponible en: https://www.presidency.ucsb.edu/documents/presidential-documents-archive-guidebook/presidential-campaigns-debates-and-endorsements-0"
"139","Guatemala",1985,2,1,2,1,"Cuenta con base en información disponible en: https://www.presidency.ucsb.edu/documents/presidential-documents-archive-guidebook/presidential-campaigns-debates-and-endorsements-0"
"140","Guatemala",1991,1,1,2,1,"Cuenta con base en información disponible en: https://www.presidency.ucsb.edu/documents/presidential-documents-archive-guidebook/presidential-campaigns-debates-and-endorsements-0"
"141","Guatemala",1991,2,1,2,1,"Cuenta con base en información disponible en: https://www.presidency.ucsb.edu/documents/presidential-documents-archive-guidebook/presidential-campaigns-debates-and-endorsements-0"
"142","Guatemala",1995,1,1,3,1,"Cuenta con base en información disponible en: https://www.presidency.ucsb.edu/documents/presidential-documents-archive-guidebook/presidential-campaigns-debates-and-endorsements-0"
"143","Guatemala",1995,2,1,3,1,"Cuenta con base en información disponible en: https://www.presidency.ucsb.edu/documents/presidential-documents-archive-guidebook/presidential-campaigns-debates-and-endorsements-0"
"144","Guatemala",1999,1,1,2,1,"Cuenta con base en información disponible en: https://www.presidency.ucsb.edu/documents/presidential-documents-archive-guidebook/presidential-campaigns-debates-and-endorsements-0"
"145","Guatemala",1999,2,1,2,1,"Cuenta con base en información disponible en: https://www.presidency.ucsb.edu/documents/presidential-documents-archive-guidebook/presidential-campaigns-debates-and-endorsements-0"
"146","Guatemala",2003,1,1,3,1,"Cuenta con base en información disponible en: https://www.presidency.ucsb.edu/documents/presidential-documents-archive-guidebook/presidential-campaigns-debates-and-endorsements-0"
"147","Guatemala",2003,2,1,3,1,"Cuenta con base en información disponible en: https://www.presidency.ucsb.edu/documents/presidential-documents-archive-guidebook/presidential-campaigns-debates-and-endorsements-0"
"148","Guatemala",2007,1,1,3,1,"Cuenta con base en información disponible en: https://www.presidency.ucsb.edu/documents/presidential-documents-archive-guidebook/presidential-campaigns-debates-and-endorsements-0"
"149","Guatemala",2007,2,1,3,1,"Cuenta con base en información disponible en: https://www.presidency.ucsb.edu/documents/presidential-documents-archive-guidebook/presidential-campaigns-debates-and-endorsements-0"
"150","Guatemala",2011,1,1,3,1,"Cuenta con base en información disponible en: https://www.presidency.ucsb.edu/documents/presidential-documents-archive-guidebook/presidential-campaigns-debates-and-endorsements-0"
"151","Guatemala",2011,2,1,3,1,"Cuenta con base en información disponible en: https://www.presidency.ucsb.edu/documents/presidential-documents-archive-guidebook/presidential-campaigns-debates-and-endorsements-0"
"152","Guatemala",2015,1,1,3,1,"Cuenta con base en información disponible en: https://www.presidency.ucsb.edu/documents/presidential-documents-archive-guidebook/presidential-campaigns-debates-and-endorsements-0"
"153","Guatemala",2015,2,1,3,1,"Cuenta con base en información disponible en: https://www.presidency.ucsb.edu/documents/presidential-documents-archive-guidebook/presidential-campaigns-debates-and-endorsements-0"
"154","Guatemala",2019,1,1,3,1,"Cuenta con base en información disponible en: https://www.presidency.ucsb.edu/documents/presidential-documents-archive-guidebook/presidential-campaigns-debates-and-endorsements-0"
"155","Guatemala",2019,2,1,3,1,"Cuenta con base en información disponible en: https://www.presidency.ucsb.edu/documents/presidential-documents-archive-guidebook/presidential-campaigns-debates-and-endorsements-0"
"156","Guatemala",2023,1,1,2,1,"Cuenta con base en información disponible en: https://www.presidency.ucsb.edu/documents/presidential-documents-archive-guidebook/presidential-campaigns-debates-and-endorsements-0"
"157","Guatemala",2023,2,1,2,1,"Cuenta con base en información disponible en: https://www.presidency.ucsb.edu/documents/presidential-documents-archive-guidebook/presidential-campaigns-debates-and-endorsements-0"
"158","Honduras",1981,1,1,2,1,"Cuenta con base en información disponible en: https://www.presidency.ucsb.edu/documents/presidential-documents-archive-guidebook/presidential-campaigns-debates-and-endorsements-0"
"159","Honduras",1985,1,1,2,1,"Cuenta con base en información disponible en: https://www.presidency.ucsb.edu/documents/presidential-documents-archive-guidebook/presidential-campaigns-debates-and-endorsements-0"
"160","Honduras",1989,1,1,2,1,"Cuenta con base en información disponible en: https://www.presidency.ucsb.edu/documents/presidential-documents-archive-guidebook/presidential-campaigns-debates-and-endorsements-0"
"161","Honduras",1993,1,1,3,1,"Cuenta con base en información disponible en: https://www.presidency.ucsb.edu/documents/presidential-documents-archive-guidebook/presidential-campaigns-debates-and-endorsements-0"
"162","Honduras",1997,1,1,2,1,"Cuenta con base en información disponible en: https://www.presidency.ucsb.edu/documents/presidential-documents-archive-guidebook/presidential-campaigns-debates-and-endorsements-0"
"163","Honduras",2001,1,1,3,1,"Cuenta con base en información disponible en: https://www.presidency.ucsb.edu/documents/presidential-documents-archive-guidebook/presidential-campaigns-debates-and-endorsements-0"
"164","Honduras",2005,1,1,3,1,"Cuenta con base en información disponible en: https://www.presidency.ucsb.edu/documents/presidential-documents-archive-guidebook/presidential-campaigns-debates-and-endorsements-0"
"165","Honduras",2009,1,1,3,1,"Cuenta con base en información disponible en: https://www.presidency.ucsb.edu/documents/presidential-documents-archive-guidebook/presidential-campaigns-debates-and-endorsements-0"
"166","Honduras",2013,1,1,3,1,"Cuenta con base en información disponible en: https://www.presidency.ucsb.edu/documents/presidential-documents-archive-guidebook/presidential-campaigns-debates-and-endorsements-0"
"167","Honduras",2017,1,1,3,1,"Cuenta con base en información disponible en: https://www.presidency.ucsb.edu/documents/presidential-documents-archive-guidebook/presidential-campaigns-debates-and-endorsements-0"
"168","Honduras",2021,1,1,2,1,"Cuenta con base en información disponible en: https://www.presidency.ucsb.edu/documents/presidential-documents-archive-guidebook/presidential-campaigns-debates-and-endorsements-0"
"169","Mexico",1982,1,1,2,1,"Cuenta con base en información disponible en: https://www.presidency.ucsb.edu/documents/presidential-documents-archive-guidebook/presidential-campaigns-debates-and-endorsements-0"
"170","Mexico",1988,1,1,2,1,"Cuenta con base en información disponible en: https://www.presidency.ucsb.edu/documents/presidential-documents-archive-guidebook/presidential-campaigns-debates-and-endorsements-0"
"171","Mexico",1994,1,1,5,1,"Cuenta con base en información disponible en: https://www.presidency.ucsb.edu/documents/presidential-documents-archive-guidebook/presidential-campaigns-debates-and-endorsements-0"
"172","Mexico",2000,1,1,2,1,"Cuenta con base en información disponible en: https://www.presidency.ucsb.edu/documents/presidential-documents-archive-guidebook/presidential-campaigns-debates-and-endorsements-0"
"173","Mexico",2006,1,1,6,1,"Cuenta con base en información disponible en: https://www.presidency.ucsb.edu/documents/presidential-documents-archive-guidebook/presidential-campaigns-debates-and-endorsements-0"
"174","Mexico",2012,1,1,3,1,"Cuenta con base en información disponible en: https://www.presidency.ucsb.edu/documents/presidential-documents-archive-guidebook/presidential-campaigns-debates-and-endorsements-0"
"175","Mexico",2018,1,1,6,1,"Cuenta con base en información disponible en: https://www.presidency.ucsb.edu/documents/presidential-documents-archive-guidebook/presidential-campaigns-debates-and-endorsements-0"
"176","Nicaragua",1984,1,0,0,0,"Cuenta con base en información disponible en: https://www.presidency.ucsb.edu/documents/presidential-documents-archive-guidebook/presidential-campaigns-debates-and-endorsements-0"
"177","Nicaragua",1990,1,1,4,1,"Cuenta con base en información disponible en: https://www.presidency.ucsb.edu/documents/presidential-documents-archive-guidebook/presidential-campaigns-debates-and-endorsements-0"
"178","Nicaragua",1996,1,1,3,1,"Cuenta con base en información disponible en: https://www.presidency.ucsb.edu/documents/presidential-documents-archive-guidebook/presidential-campaigns-debates-and-endorsements-0"
"179","Nicaragua",2001,1,1,5,1,"Cuenta con base en información disponible en: https://www.presidency.ucsb.edu/documents/presidential-documents-archive-guidebook/presidential-campaigns-debates-and-endorsements-0"
"180","Nicaragua",2006,1,1,3,1,"Cuenta con base en información disponible en: https://www.presidency.ucsb.edu/documents/presidential-documents-archive-guidebook/presidential-campaigns-debates-and-endorsements-0"
"181","Nicaragua",2011,1,1,3,1,"Cuenta con base en información disponible en: https://www.presidency.ucsb.edu/documents/presidential-documents-archive-guidebook/presidential-campaigns-debates-and-endorsements-0"
"182","Nicaragua",2016,1,1,3,1,"Cuenta con base en información disponible en: https://www.presidency.ucsb.edu/documents/presidential-documents-archive-guidebook/presidential-campaigns-debates-and-endorsements-0"
"183","Panama",1994,1,1,3,1,"Cuenta con base en información disponible en: https://www.presidency.ucsb.edu/documents/presidential-documents-archive-guidebook/presidential-campaigns-debates-and-endorsements-0"
"184","Panama",1999,1,1,2,1,"Cuenta con base en información disponible en: https://www.presidency.ucsb.edu/documents/presidential-documents-archive-guidebook/presidential-campaigns-debates-and-endorsements-0"
"185","Panama",2004,1,1,3,1,"Cuenta con base en información disponible en: https://www.presidency.ucsb.edu/documents/presidential-documents-archive-guidebook/presidential-campaigns-debates-and-endorsements-0"
"186","Panama",2009,1,1,6,1,"Cuenta con base en información disponible en: https://www.presidency.ucsb.edu/documents/presidential-documents-archive-guidebook/presidential-campaigns-debates-and-endorsements-0"
"187","Panama",2014,1,1,3,1,"Cuenta con base en información disponible en: https://www.presidency.ucsb.edu/documents/presidential-documents-archive-guidebook/presidential-campaigns-debates-and-endorsements-0"
"188","Panama",2019,1,1,3,1,"Cuenta con base en información disponible en: https://www.presidency.ucsb.edu/documents/presidential-documents-archive-guidebook/presidential-campaigns-debates-and-endorsements-0"
"189","Paraguay",1989,1,1,2,1,"Cuenta con base en información disponible en: https://www.presidency.ucsb.edu/documents/presidential-documents-archive-guidebook/presidential-campaigns-debates-and-endorsements-0"
"190","Paraguay",1993,1,1,3,1,"Cuenta con base en información disponible en: https://www.presidency.ucsb.edu/documents/presidential-documents-archive-guidebook/presidential-campaigns-debates-and-endorsements-0"
"191","Paraguay",1998,1,1,2,1,"Cuenta con base en información disponible en: https://www.presidency.ucsb.edu/documents/presidential-documents-archive-guidebook/presidential-campaigns-debates-and-endorsements-0"
"192","Paraguay",2003,1,1,3,1,"Cuenta con base en información disponible en: https://www.presidency.ucsb.edu/documents/presidential-documents-archive-guidebook/presidential-campaigns-debates-and-endorsements-0"
"193","Paraguay",2008,1,1,3,1,"Cuenta con base en información disponible en: https://www.presidency.ucsb.edu/documents/presidential-documents-archive-guidebook/presidential-campaigns-debates-and-endorsements-0"
"194","Paraguay",2013,1,1,6,1,"Cuenta con base en información disponible en: https://www.presidency.ucsb.edu/documents/presidential-documents-archive-guidebook/presidential-campaigns-debates-and-endorsements-0"
"195","Paraguay",2018,1,1,3,1,"Cuenta con base en información disponible en: https://www.presidency.ucsb.edu/documents/presidential-documents-archive-guidebook/presidential-campaigns-debates-and-endorsements-0"
"196","Paraguay",2023,1,1,2,1,"Cuenta con base en información disponible en: https://www.presidency.ucsb.edu/documents/presidential-documents-archive-guidebook/presidential-campaigns-debates-and-endorsements-0"
"197","Peru",1980,1,0,0,0,"Cuenta con base en información disponible en: https://www.presidency.ucsb.edu/documents/presidential-documents-archive-guidebook/presidential-campaigns-debates-and-endorsements-0"
"198","Peru",1985,1,1,4,1,"Cuenta con base en información disponible en: https://www.presidency.ucsb.edu/documents/presidential-documents-archive-guidebook/presidential-campaigns-debates-and-endorsements-0"
"199","Peru",1990,1,1,2,1,"Cuenta con base en información disponible en: https://www.presidency.ucsb.edu/documents/presidential-documents-archive-guidebook/presidential-campaigns-debates-and-endorsements-0"
"200","Peru",1990,2,1,2,1,"Cuenta con base en información disponible en: https://www.presidency.ucsb.edu/documents/presidential-documents-archive-guidebook/presidential-campaigns-debates-and-endorsements-0"
"201","Peru",1995,1,1,3,1,"Cuenta con base en información disponible en: https://www.presidency.ucsb.edu/documents/presidential-documents-archive-guidebook/presidential-campaigns-debates-and-endorsements-0"
"202","Peru",2000,1,1,2,1,"Cuenta con base en información disponible en: https://www.presidency.ucsb.edu/documents/presidential-documents-archive-guidebook/presidential-campaigns-debates-and-endorsements-0"
"203","Peru",2000,2,1,2,1,"Cuenta con base en información disponible en: https://www.presidency.ucsb.edu/documents/presidential-documents-archive-guidebook/presidential-campaigns-debates-and-endorsements-0"
"204","Peru",2001,1,1,3,1,"Cuenta con base en información disponible en: https://www.presidency.ucsb.edu/documents/presidential-documents-archive-guidebook/presidential-campaigns-debates-and-endorsements-0"
"205","Peru",2001,2,1,3,1,"Cuenta con base en información disponible en: https://www.presidency.ucsb.edu/documents/presidential-documents-archive-guidebook/presidential-campaigns-debates-and-endorsements-0"
"206","Peru",2006,1,1,3,1,"Cuenta con base en información disponible en: https://www.presidency.ucsb.edu/documents/presidential-documents-archive-guidebook/presidential-campaigns-debates-and-endorsements-0"
"207","Peru",2006,2,1,3,1,"Cuenta con base en información disponible en: https://www.presidency.ucsb.edu/documents/presidential-documents-archive-guidebook/presidential-campaigns-debates-and-endorsements-0"
"208","Peru",2011,1,1,3,1,"Cuenta con base en información disponible en: https://www.presidency.ucsb.edu/documents/presidential-documents-archive-guidebook/presidential-campaigns-debates-and-endorsements-0"
"209","Peru",2011,2,1,3,1,"Cuenta con base en información disponible en: https://www.presidency.ucsb.edu/documents/presidential-documents-archive-guidebook/presidential-campaigns-debates-and-endorsements-0"
"210","Peru",2016,1,1,3,1,"Cuenta con base en información disponible en: https://www.presidency.ucsb.edu/documents/presidential-documents-archive-guidebook/presidential-campaigns-debates-and-endorsements-0"
"211","Peru",2016,2,1,3,1,"Cuenta con base en información disponible en: https://www.presidency.ucsb.edu/documents/presidential-documents-archive-guidebook/presidential-campaigns-debates-and-endorsements-0"
"212","Peru",2021,1,1,5,1,"Cuenta con base en información disponible en: https://www.presidency.ucsb.edu/documents/presidential-documents-archive-guidebook/presidential-campaigns-debates-and-endorsements-0"
"213","Peru",2021,2,1,5,1,"Cuenta con base en información disponible en: https://www.presidency.ucsb.edu/documents/presidential-documents-archive-guidebook/presidential-campaigns-debates-and-endorsements-0"
"214","Republica Dominicana",1978,1,1,3,1,"Cuenta con base en información disponible en: https://www.presidency.ucsb.edu/documents/presidential-documents-archive-guidebook/presidential-campaigns-debates-and-endorsements-0"
"215","Republica Dominicana",1982,1,1,2,1,"Cuenta con base en información disponible en: https://www.presidency.ucsb.edu/documents/presidential-documents-archive-guidebook/presidential-campaigns-debates-and-endorsements-0"
"216","Republica Dominicana",1986,1,1,2,1,"Cuenta con base en información disponible en: https://www.presidency.ucsb.edu/documents/presidential-documents-archive-guidebook/presidential-campaigns-debates-and-endorsements-0"
"217","Republica Dominicana",1990,1,1,2,1,"Cuenta con base en información disponible en: https://www.presidency.ucsb.edu/documents/presidential-documents-archive-guidebook/presidential-campaigns-debates-and-endorsements-0"
"218","Republica Dominicana",1994,1,1,3,1,"Cuenta con base en información disponible en: https://www.presidency.ucsb.edu/documents/presidential-documents-archive-guidebook/presidential-campaigns-debates-and-endorsements-0"
"219","Republica Dominicana",1996,1,0,0,0,"Cuenta con base en información disponible en: https://www.presidency.ucsb.edu/documents/presidential-documents-archive-guidebook/presidential-campaigns-debates-and-endorsements-0"
"220","Republica Dominicana",1996,2,0,0,0,"Cuenta con base en información disponible en: https://www.presidency.ucsb.edu/documents/presidential-documents-archive-guidebook/presidential-campaigns-debates-and-endorsements-0"
"221","Republica Dominicana",2000,1,1,2,1,"Cuenta con base en información disponible en: https://www.presidency.ucsb.edu/documents/presidential-documents-archive-guidebook/presidential-campaigns-debates-and-endorsements-0"
"222","Republica Dominicana",2004,1,1,3,1,"Cuenta con base en información disponible en: https://www.presidency.ucsb.edu/documents/presidential-documents-archive-guidebook/presidential-campaigns-debates-and-endorsements-0"
"223","Republica Dominicana",2008,1,1,3,1,"Cuenta con base en información disponible en: https://www.presidency.ucsb.edu/documents/presidential-documents-archive-guidebook/presidential-campaigns-debates-and-endorsements-0"
"224","Republica Dominicana",2012,1,1,3,1,"Cuenta con base en información disponible en: https://www.presidency.ucsb.edu/documents/presidential-documents-archive-guidebook/presidential-campaigns-debates-and-endorsements-0"
"225","Republica Dominicana",2016,1,1,3,1,"Cuenta con base en información disponible en: https://www.presidency.ucsb.edu/documents/presidential-documents-archive-guidebook/presidential-campaigns-debates-and-endorsements-0"
"226","Republica Dominicana",2020,1,1,3,1,"Cuenta con base en información disponible en: https://www.presidency.ucsb.edu/documents/presidential-documents-archive-guidebook/presidential-campaigns-debates-and-endorsements-0"
"227","Uruguay",1984,1,0,0,0,"Cuenta con base en información disponible en: https://www.presidency.ucsb.edu/documents/presidential-documents-archive-guidebook/presidential-campaigns-debates-and-endorsements-0"
"228","Uruguay",1989,1,1,4,1,"Cuenta con base en información disponible en: https://www.presidency.ucsb.edu/documents/presidential-documents-archive-guidebook/presidential-campaigns-debates-and-endorsements-0"
"229","Uruguay",1994,1,1,3,1,"Cuenta con base en información disponible en: https://www.presidency.ucsb.edu/documents/presidential-documents-archive-guidebook/presidential-campaigns-debates-and-endorsements-0"
"230","Uruguay",1999,1,1,2,1,"Cuenta con base en información disponible en: https://www.presidency.ucsb.edu/documents/presidential-documents-archive-guidebook/presidential-campaigns-debates-and-endorsements-0"
"231","Uruguay",1999,2,1,2,1,"Cuenta con base en información disponible en: https://www.presidency.ucsb.edu/documents/presidential-documents-archive-guidebook/presidential-campaigns-debates-and-endorsements-0"
"232","Uruguay",2004,1,1,3,1,"Cuenta con base en información disponible en: https://www.presidency.ucsb.edu/documents/presidential-documents-archive-guidebook/presidential-campaigns-debates-and-endorsements-0"
"233","Uruguay",2009,1,1,6,1,"Cuenta con base en información disponible en: https://www.presidency.ucsb.edu/documents/presidential-documents-archive-guidebook/presidential-campaigns-debates-and-endorsements-0"
"234","Uruguay",2009,2,1,6,1,"Cuenta con base en información disponible en: https://www.presidency.ucsb.edu/documents/presidential-documents-archive-guidebook/presidential-campaigns-debates-and-endorsements-0"
"235","Uruguay",2014,1,1,3,1,"Cuenta con base en información disponible en: https://www.presidency.ucsb.edu/documents/presidential-documents-archive-guidebook/presidential-campaigns-debates-and-endorsements-0"
"236","Uruguay",2014,2,1,3,1,"Cuenta con base en información disponible en: https://www.presidency.ucsb.edu/documents/presidential-documents-archive-guidebook/presidential-campaigns-debates-and-endorsements-0"
"237","Uruguay",2019,1,1,3,1,"Cuenta con base en información disponible en: https://www.presidency.ucsb.edu/documents/presidential-documents-archive-guidebook/presidential-campaigns-debates-and-endorsements-0"
"238","Uruguay",2019,2,1,3,1,"Cuenta con base en información disponible en: https://www.presidency.ucsb.edu/documents/presidential-documents-archive-guidebook/presidential-campaigns-debates-and-endorsements-0"
"239","Venezuela",1958,1,0,0,0,"Cuenta con base en información disponible en: https://www.presidency.ucsb.edu/documents/presidential-documents-archive-guidebook/presidential-campaigns-debates-and-endorsements-0"
"240","Venezuela",1963,1,1,4,1,"Cuenta con base en información disponible en: https://www.presidency.ucsb.edu/documents/presidential-documents-archive-guidebook/presidential-campaigns-debates-and-endorsements-0"
"241","Venezuela",1968,1,0,0,0,"Cuenta con base en información disponible en: https://www.presidency.ucsb.edu/documents/presidential-documents-archive-guidebook/presidential-campaigns-debates-and-endorsements-0"
"242","Venezuela",1973,1,0,0,0,"Cuenta con base en información disponible en: https://www.presidency.ucsb.edu/documents/presidential-documents-archive-guidebook/presidential-campaigns-debates-and-endorsements-0"
"243","Venezuela",1978,1,1,3,1,"Cuenta con base en información disponible en: https://www.presidency.ucsb.edu/documents/presidential-documents-archive-guidebook/presidential-campaigns-debates-and-endorsements-0"
"244","Venezuela",1983,1,1,2,1,"Cuenta con base en información disponible en: https://www.presidency.ucsb.edu/documents/presidential-documents-archive-guidebook/presidential-campaigns-debates-and-endorsements-0"
"245","Venezuela",1988,1,1,2,1,"Cuenta con base en información disponible en: https://www.presidency.ucsb.edu/documents/presidential-documents-archive-guidebook/presidential-campaigns-debates-and-endorsements-0"
"246","Venezuela",1993,1,1,5,1,"Cuenta con base en información disponible en: https://www.presidency.ucsb.edu/documents/presidential-documents-archive-guidebook/presidential-campaigns-debates-and-endorsements-0"
"247","Venezuela",1998,1,1,2,1,"Cuenta con base en información disponible en: https://www.presidency.ucsb.edu/documents/presidential-documents-archive-guidebook/presidential-campaigns-debates-and-endorsements-0"
"248","Venezuela",2000,1,0,0,0,"Cuenta con base en información disponible en: https://www.presidency.ucsb.edu/documents/presidential-documents-archive-guidebook/presidential-campaigns-debates-and-endorsements-0"
"249","Venezuela",2006,1,1,6,1,"Cuenta con base en información disponible en: https://www.presidency.ucsb.edu/documents/presidential-documents-archive-guidebook/presidential-campaigns-debates-and-endorsements-0"
"250","Venezuela",2012,1,1,3,1,"Cuenta con base en información disponible en: https://www.presidency.ucsb.edu/documents/presidential-documents-archive-guidebook/presidential-campaigns-debates-and-endorsements-0"
"251","Venezuela",2013,1,1,3,1,"Cuenta con base en información disponible en: https://www.presidency.ucsb.edu/documents/presidential-documents-archive-guidebook/presidential-campaigns-debates-and-endorsements-0"
"252","Venezuela",2018,1,1,3,1,"Cuenta con base en información disponible en: https://www.presidency.ucsb.edu/documents/presidential-documents-archive-guidebook/presidential-campaigns-debates-and-endorsements-0"
